ISO-10303-21;
HEADER;
/* Generated by software containing ST-Developer
 * from STEP Tools, Inc. (www.steptools.com) 
 */

FILE_DESCRIPTION(
/* description */ (''),
/* implementation_level */ '2;1');

FILE_NAME(
/* name */ 'Fan_Cover.step',
/* time_stamp */ '2026-08-03T09:59:43-07:00',
/* author */ (''),
/* organization */ (''),
/* preprocessor_version */ 'ST-DEVELOPER v20.1',
/* originating_system */ 'Autodesk Translation Framework v15.8.0.0',
/* authorisation */ '');

FILE_SCHEMA (('AUTOMOTIVE_DESIGN { 1 0 10303 214 3 1 1 }'));
ENDSEC;

DATA;
#10=MECHANICAL_DESIGN_GEOMETRIC_PRESENTATION_REPRESENTATION('',(#13),#2436);
#11=SHAPE_REPRESENTATION_RELATIONSHIP('SRR','None',#2443,#12);
#12=ADVANCED_BREP_SHAPE_REPRESENTATION('',(#14),#2435);
#13=STYLED_ITEM('',(#2452),#14);
#14=MANIFOLD_SOLID_BREP('Body1',#1388);
#15=B_SPLINE_CURVE_WITH_KNOTS('',3,(#2253,#2254,#2255,#2256,#2257,#2258,
#2259,#2260,#2261,#2262),.UNSPECIFIED.,.F.,.F.,(4,2,2,2,4),(3.68901353356056,
3.91505146057205,4.14108938758355,4.3789251432915,4.61676089899946),
 .UNSPECIFIED.);
#16=B_SPLINE_CURVE_WITH_KNOTS('',3,(#2286,#2287,#2288,#2289,#2290,#2291,
#2292,#2293,#2294,#2295),.UNSPECIFIED.,.F.,.F.,(4,2,2,2,4),(0.91676053207477,
1.15147463724153,1.38618874240829,1.61535742241494,1.8445261024216),
 .UNSPECIFIED.);
#17=B_SPLINE_CURVE_WITH_KNOTS('',3,(#2303,#2304,#2305,#2306,#2307,#2308,
#2309,#2310,#2311,#2312),.UNSPECIFIED.,.F.,.F.,(4,2,2,2,4),(2.76126616812166,
2.99910192382961,3.23693767953756,3.46297560654906,3.68901353356056),
 .UNSPECIFIED.);
#18=B_SPLINE_CURVE_WITH_KNOTS('',3,(#2315,#2316,#2317,#2318,#2319,#2320,
#2321,#2322,#2323,#2324),.UNSPECIFIED.,.F.,.F.,(4,2,2,2,4),(1.84450676678028,
2.07367544678693,2.30284412679358,2.53755823196034,2.7722723371271),
 .UNSPECIFIED.);
#19=B_SPLINE_CURVE_WITH_KNOTS('',3,(#2328,#2329,#2330,#2331,#2332,#2333,
#2334,#2335,#2336,#2337),.UNSPECIFIED.,.F.,.F.,(4,2,2,2,4),(-0.690324671539363,
-0.514628203899295,-0.338931736259226,-0.169465868129613,0.),
 .UNSPECIFIED.);
#20=B_SPLINE_CURVE_WITH_KNOTS('',3,(#2341,#2342,#2343,#2344,#2345,#2346,
#2347,#2348,#2349,#2350),.UNSPECIFIED.,.F.,.F.,(4,2,2,2,4),(1.37555324232662,
1.54664628823734,1.71773933414806,1.89181170620542,2.06588407826279),
 .UNSPECIFIED.);
#21=B_SPLINE_CURVE_WITH_KNOTS('',3,(#2354,#2355,#2356,#2357,#2358,#2359,
#2360,#2361,#2362,#2363),.UNSPECIFIED.,.F.,.F.,(4,2,2,2,4),(0.685229249498301,
0.86092571713837,1.03662218477844,1.20608805290805,1.37555392103766),
 .UNSPECIFIED.);
#22=B_SPLINE_CURVE_WITH_KNOTS('',3,(#2367,#2368,#2369,#2370,#2371,#2372,
#2373,#2374,#2375,#2376),.UNSPECIFIED.,.F.,.F.,(4,2,2,2,4),(0.,0.169465868129613,
0.338931736259226,0.514628203899294,0.690324671539363),.UNSPECIFIED.);
#23=FACE_BOUND('',#230,.T.);
#24=FACE_BOUND('',#233,.T.);
#25=FACE_BOUND('',#236,.T.);
#26=FACE_BOUND('',#239,.T.);
#27=FACE_BOUND('',#244,.T.);
#28=FACE_BOUND('',#245,.T.);
#29=FACE_BOUND('',#246,.T.);
#30=FACE_BOUND('',#247,.T.);
#31=FACE_BOUND('',#248,.T.);
#32=FACE_BOUND('',#249,.T.);
#33=FACE_BOUND('',#250,.T.);
#34=FACE_BOUND('',#251,.T.);
#35=FACE_BOUND('',#252,.T.);
#36=FACE_BOUND('',#253,.T.);
#37=FACE_BOUND('',#254,.T.);
#38=FACE_BOUND('',#255,.T.);
#39=FACE_BOUND('',#256,.T.);
#40=FACE_BOUND('',#257,.T.);
#41=FACE_BOUND('',#258,.T.);
#42=FACE_BOUND('',#259,.T.);
#43=FACE_BOUND('',#260,.T.);
#44=FACE_BOUND('',#261,.T.);
#45=FACE_BOUND('',#262,.T.);
#46=FACE_BOUND('',#263,.T.);
#47=FACE_BOUND('',#264,.T.);
#48=FACE_BOUND('',#265,.T.);
#49=FACE_BOUND('',#266,.T.);
#50=FACE_BOUND('',#267,.T.);
#51=FACE_BOUND('',#268,.T.);
#52=FACE_BOUND('',#269,.T.);
#53=FACE_BOUND('',#270,.T.);
#54=FACE_BOUND('',#271,.T.);
#55=FACE_BOUND('',#272,.T.);
#56=FACE_BOUND('',#273,.T.);
#57=FACE_BOUND('',#274,.T.);
#58=FACE_BOUND('',#275,.T.);
#59=FACE_BOUND('',#276,.T.);
#60=FACE_BOUND('',#277,.T.);
#61=FACE_BOUND('',#278,.T.);
#62=FACE_BOUND('',#279,.T.);
#63=FACE_BOUND('',#280,.T.);
#64=FACE_BOUND('',#281,.T.);
#65=FACE_BOUND('',#282,.T.);
#66=FACE_BOUND('',#283,.T.);
#67=FACE_BOUND('',#284,.T.);
#68=FACE_BOUND('',#288,.T.);
#69=FACE_BOUND('',#298,.T.);
#70=FACE_BOUND('',#299,.T.);
#71=FACE_BOUND('',#300,.T.);
#72=FACE_BOUND('',#301,.T.);
#73=FACE_BOUND('',#302,.T.);
#74=FACE_BOUND('',#303,.T.);
#75=FACE_BOUND('',#304,.T.);
#76=FACE_BOUND('',#305,.T.);
#77=FACE_BOUND('',#306,.T.);
#78=FACE_BOUND('',#307,.T.);
#79=FACE_BOUND('',#308,.T.);
#80=FACE_BOUND('',#309,.T.);
#81=FACE_BOUND('',#310,.T.);
#82=FACE_BOUND('',#311,.T.);
#83=FACE_BOUND('',#312,.T.);
#84=FACE_BOUND('',#313,.T.);
#85=FACE_BOUND('',#314,.T.);
#86=FACE_BOUND('',#315,.T.);
#87=FACE_BOUND('',#316,.T.);
#88=FACE_BOUND('',#317,.T.);
#89=FACE_BOUND('',#318,.T.);
#90=FACE_BOUND('',#319,.T.);
#91=FACE_BOUND('',#320,.T.);
#92=FACE_BOUND('',#321,.T.);
#93=FACE_BOUND('',#322,.T.);
#94=FACE_BOUND('',#323,.T.);
#95=FACE_BOUND('',#324,.T.);
#96=FACE_BOUND('',#325,.T.);
#97=FACE_BOUND('',#326,.T.);
#98=FACE_BOUND('',#327,.T.);
#99=FACE_BOUND('',#328,.T.);
#100=FACE_BOUND('',#329,.T.);
#101=FACE_BOUND('',#330,.T.);
#102=FACE_BOUND('',#331,.T.);
#103=FACE_BOUND('',#332,.T.);
#104=FACE_BOUND('',#333,.T.);
#105=FACE_BOUND('',#334,.T.);
#106=FACE_BOUND('',#335,.T.);
#107=FACE_BOUND('',#336,.T.);
#108=FACE_BOUND('',#337,.T.);
#109=FACE_BOUND('',#338,.T.);
#110=PLANE('',#1513);
#111=PLANE('',#1518);
#112=PLANE('',#1523);
#113=PLANE('',#1528);
#114=PLANE('',#1535);
#115=PLANE('',#1536);
#116=PLANE('',#1541);
#117=PLANE('',#1548);
#118=PLANE('',#1552);
#119=PLANE('',#1555);
#120=PLANE('',#1558);
#121=PLANE('',#1565);
#122=PLANE('',#1566);
#123=PLANE('',#1571);
#124=FACE_OUTER_BOUND('',#192,.T.);
#125=FACE_OUTER_BOUND('',#193,.T.);
#126=FACE_OUTER_BOUND('',#194,.T.);
#127=FACE_OUTER_BOUND('',#195,.T.);
#128=FACE_OUTER_BOUND('',#196,.T.);
#129=FACE_OUTER_BOUND('',#197,.T.);
#130=FACE_OUTER_BOUND('',#198,.T.);
#131=FACE_OUTER_BOUND('',#199,.T.);
#132=FACE_OUTER_BOUND('',#200,.T.);
#133=FACE_OUTER_BOUND('',#201,.T.);
#134=FACE_OUTER_BOUND('',#202,.T.);
#135=FACE_OUTER_BOUND('',#203,.T.);
#136=FACE_OUTER_BOUND('',#204,.T.);
#137=FACE_OUTER_BOUND('',#205,.T.);
#138=FACE_OUTER_BOUND('',#206,.T.);
#139=FACE_OUTER_BOUND('',#207,.T.);
#140=FACE_OUTER_BOUND('',#208,.T.);
#141=FACE_OUTER_BOUND('',#209,.T.);
#142=FACE_OUTER_BOUND('',#210,.T.);
#143=FACE_OUTER_BOUND('',#211,.T.);
#144=FACE_OUTER_BOUND('',#212,.T.);
#145=FACE_OUTER_BOUND('',#213,.T.);
#146=FACE_OUTER_BOUND('',#214,.T.);
#147=FACE_OUTER_BOUND('',#215,.T.);
#148=FACE_OUTER_BOUND('',#216,.T.);
#149=FACE_OUTER_BOUND('',#217,.T.);
#150=FACE_OUTER_BOUND('',#218,.T.);
#151=FACE_OUTER_BOUND('',#219,.T.);
#152=FACE_OUTER_BOUND('',#220,.T.);
#153=FACE_OUTER_BOUND('',#221,.T.);
#154=FACE_OUTER_BOUND('',#222,.T.);
#155=FACE_OUTER_BOUND('',#223,.T.);
#156=FACE_OUTER_BOUND('',#224,.T.);
#157=FACE_OUTER_BOUND('',#225,.T.);
#158=FACE_OUTER_BOUND('',#226,.T.);
#159=FACE_OUTER_BOUND('',#227,.T.);
#160=FACE_OUTER_BOUND('',#228,.T.);
#161=FACE_OUTER_BOUND('',#229,.T.);
#162=FACE_OUTER_BOUND('',#231,.T.);
#163=FACE_OUTER_BOUND('',#232,.T.);
#164=FACE_OUTER_BOUND('',#234,.T.);
#165=FACE_OUTER_BOUND('',#235,.T.);
#166=FACE_OUTER_BOUND('',#237,.T.);
#167=FACE_OUTER_BOUND('',#238,.T.);
#168=FACE_OUTER_BOUND('',#240,.T.);
#169=FACE_OUTER_BOUND('',#241,.T.);
#170=FACE_OUTER_BOUND('',#242,.T.);
#171=FACE_OUTER_BOUND('',#243,.T.);
#172=FACE_OUTER_BOUND('',#285,.T.);
#173=FACE_OUTER_BOUND('',#286,.T.);
#174=FACE_OUTER_BOUND('',#287,.T.);
#175=FACE_OUTER_BOUND('',#289,.T.);
#176=FACE_OUTER_BOUND('',#290,.T.);
#177=FACE_OUTER_BOUND('',#291,.T.);
#178=FACE_OUTER_BOUND('',#292,.T.);
#179=FACE_OUTER_BOUND('',#293,.T.);
#180=FACE_OUTER_BOUND('',#294,.T.);
#181=FACE_OUTER_BOUND('',#295,.T.);
#182=FACE_OUTER_BOUND('',#296,.T.);
#183=FACE_OUTER_BOUND('',#297,.T.);
#184=FACE_OUTER_BOUND('',#339,.T.);
#185=FACE_OUTER_BOUND('',#340,.T.);
#186=FACE_OUTER_BOUND('',#341,.T.);
#187=FACE_OUTER_BOUND('',#342,.T.);
#188=FACE_OUTER_BOUND('',#343,.T.);
#189=FACE_OUTER_BOUND('',#344,.T.);
#190=FACE_OUTER_BOUND('',#345,.T.);
#191=FACE_OUTER_BOUND('',#346,.T.);
#192=EDGE_LOOP('',(#900,#901,#902,#903));
#193=EDGE_LOOP('',(#904,#905,#906,#907));
#194=EDGE_LOOP('',(#908,#909,#910,#911));
#195=EDGE_LOOP('',(#912,#913,#914,#915));
#196=EDGE_LOOP('',(#916,#917,#918,#919));
#197=EDGE_LOOP('',(#920,#921,#922,#923));
#198=EDGE_LOOP('',(#924,#925,#926,#927));
#199=EDGE_LOOP('',(#928,#929,#930,#931));
#200=EDGE_LOOP('',(#932,#933,#934,#935));
#201=EDGE_LOOP('',(#936,#937,#938,#939));
#202=EDGE_LOOP('',(#940,#941,#942,#943));
#203=EDGE_LOOP('',(#944,#945,#946,#947));
#204=EDGE_LOOP('',(#948,#949,#950,#951));
#205=EDGE_LOOP('',(#952,#953,#954,#955));
#206=EDGE_LOOP('',(#956,#957,#958,#959));
#207=EDGE_LOOP('',(#960,#961,#962,#963));
#208=EDGE_LOOP('',(#964,#965,#966,#967));
#209=EDGE_LOOP('',(#968,#969,#970,#971));
#210=EDGE_LOOP('',(#972,#973,#974,#975));
#211=EDGE_LOOP('',(#976,#977,#978,#979));
#212=EDGE_LOOP('',(#980,#981,#982,#983));
#213=EDGE_LOOP('',(#984,#985,#986,#987));
#214=EDGE_LOOP('',(#988,#989,#990,#991));
#215=EDGE_LOOP('',(#992,#993,#994,#995));
#216=EDGE_LOOP('',(#996,#997,#998,#999));
#217=EDGE_LOOP('',(#1000,#1001,#1002,#1003));
#218=EDGE_LOOP('',(#1004,#1005,#1006,#1007));
#219=EDGE_LOOP('',(#1008,#1009,#1010,#1011));
#220=EDGE_LOOP('',(#1012,#1013,#1014,#1015));
#221=EDGE_LOOP('',(#1016,#1017,#1018,#1019));
#222=EDGE_LOOP('',(#1020,#1021,#1022,#1023));
#223=EDGE_LOOP('',(#1024,#1025,#1026,#1027));
#224=EDGE_LOOP('',(#1028,#1029,#1030,#1031));
#225=EDGE_LOOP('',(#1032,#1033,#1034,#1035));
#226=EDGE_LOOP('',(#1036,#1037,#1038,#1039));
#227=EDGE_LOOP('',(#1040,#1041,#1042,#1043));
#228=EDGE_LOOP('',(#1044,#1045,#1046,#1047));
#229=EDGE_LOOP('',(#1048));
#230=EDGE_LOOP('',(#1049));
#231=EDGE_LOOP('',(#1050,#1051,#1052,#1053));
#232=EDGE_LOOP('',(#1054));
#233=EDGE_LOOP('',(#1055));
#234=EDGE_LOOP('',(#1056,#1057,#1058,#1059));
#235=EDGE_LOOP('',(#1060));
#236=EDGE_LOOP('',(#1061));
#237=EDGE_LOOP('',(#1062,#1063,#1064,#1065));
#238=EDGE_LOOP('',(#1066));
#239=EDGE_LOOP('',(#1067));
#240=EDGE_LOOP('',(#1068,#1069,#1070,#1071));
#241=EDGE_LOOP('',(#1072,#1073,#1074,#1075));
#242=EDGE_LOOP('',(#1076,#1077,#1078,#1079));
#243=EDGE_LOOP('',(#1080,#1081,#1082,#1083,#1084,#1085,#1086,#1087));
#244=EDGE_LOOP('',(#1088));
#245=EDGE_LOOP('',(#1089));
#246=EDGE_LOOP('',(#1090));
#247=EDGE_LOOP('',(#1091));
#248=EDGE_LOOP('',(#1092));
#249=EDGE_LOOP('',(#1093));
#250=EDGE_LOOP('',(#1094));
#251=EDGE_LOOP('',(#1095));
#252=EDGE_LOOP('',(#1096));
#253=EDGE_LOOP('',(#1097));
#254=EDGE_LOOP('',(#1098));
#255=EDGE_LOOP('',(#1099));
#256=EDGE_LOOP('',(#1100));
#257=EDGE_LOOP('',(#1101));
#258=EDGE_LOOP('',(#1102));
#259=EDGE_LOOP('',(#1103));
#260=EDGE_LOOP('',(#1104));
#261=EDGE_LOOP('',(#1105));
#262=EDGE_LOOP('',(#1106));
#263=EDGE_LOOP('',(#1107));
#264=EDGE_LOOP('',(#1108));
#265=EDGE_LOOP('',(#1109));
#266=EDGE_LOOP('',(#1110));
#267=EDGE_LOOP('',(#1111));
#268=EDGE_LOOP('',(#1112));
#269=EDGE_LOOP('',(#1113));
#270=EDGE_LOOP('',(#1114));
#271=EDGE_LOOP('',(#1115));
#272=EDGE_LOOP('',(#1116));
#273=EDGE_LOOP('',(#1117));
#274=EDGE_LOOP('',(#1118));
#275=EDGE_LOOP('',(#1119));
#276=EDGE_LOOP('',(#1120));
#277=EDGE_LOOP('',(#1121));
#278=EDGE_LOOP('',(#1122));
#279=EDGE_LOOP('',(#1123));
#280=EDGE_LOOP('',(#1124));
#281=EDGE_LOOP('',(#1125));
#282=EDGE_LOOP('',(#1126));
#283=EDGE_LOOP('',(#1127));
#284=EDGE_LOOP('',(#1128));
#285=EDGE_LOOP('',(#1129,#1130,#1131,#1132));
#286=EDGE_LOOP('',(#1133,#1134,#1135,#1136));
#287=EDGE_LOOP('',(#1137,#1138,#1139,#1140,#1141,#1142,#1143,#1144));
#288=EDGE_LOOP('',(#1145,#1146,#1147,#1148,#1149,#1150,#1151,#1152));
#289=EDGE_LOOP('',(#1153,#1154,#1155,#1156));
#290=EDGE_LOOP('',(#1157,#1158,#1159,#1160));
#291=EDGE_LOOP('',(#1161,#1162,#1163,#1164));
#292=EDGE_LOOP('',(#1165,#1166,#1167,#1168));
#293=EDGE_LOOP('',(#1169,#1170,#1171,#1172));
#294=EDGE_LOOP('',(#1173,#1174,#1175,#1176));
#295=EDGE_LOOP('',(#1177,#1178,#1179,#1180));
#296=EDGE_LOOP('',(#1181,#1182,#1183,#1184));
#297=EDGE_LOOP('',(#1185,#1186,#1187,#1188,#1189,#1190,#1191,#1192));
#298=EDGE_LOOP('',(#1193));
#299=EDGE_LOOP('',(#1194));
#300=EDGE_LOOP('',(#1195));
#301=EDGE_LOOP('',(#1196));
#302=EDGE_LOOP('',(#1197));
#303=EDGE_LOOP('',(#1198));
#304=EDGE_LOOP('',(#1199));
#305=EDGE_LOOP('',(#1200));
#306=EDGE_LOOP('',(#1201));
#307=EDGE_LOOP('',(#1202));
#308=EDGE_LOOP('',(#1203));
#309=EDGE_LOOP('',(#1204));
#310=EDGE_LOOP('',(#1205));
#311=EDGE_LOOP('',(#1206));
#312=EDGE_LOOP('',(#1207));
#313=EDGE_LOOP('',(#1208));
#314=EDGE_LOOP('',(#1209));
#315=EDGE_LOOP('',(#1210));
#316=EDGE_LOOP('',(#1211));
#317=EDGE_LOOP('',(#1212));
#318=EDGE_LOOP('',(#1213));
#319=EDGE_LOOP('',(#1214));
#320=EDGE_LOOP('',(#1215));
#321=EDGE_LOOP('',(#1216));
#322=EDGE_LOOP('',(#1217));
#323=EDGE_LOOP('',(#1218));
#324=EDGE_LOOP('',(#1219));
#325=EDGE_LOOP('',(#1220));
#326=EDGE_LOOP('',(#1221));
#327=EDGE_LOOP('',(#1222));
#328=EDGE_LOOP('',(#1223));
#329=EDGE_LOOP('',(#1224));
#330=EDGE_LOOP('',(#1225));
#331=EDGE_LOOP('',(#1226));
#332=EDGE_LOOP('',(#1227));
#333=EDGE_LOOP('',(#1228));
#334=EDGE_LOOP('',(#1229));
#335=EDGE_LOOP('',(#1230));
#336=EDGE_LOOP('',(#1231));
#337=EDGE_LOOP('',(#1232));
#338=EDGE_LOOP('',(#1233));
#339=EDGE_LOOP('',(#1234,#1235,#1236,#1237));
#340=EDGE_LOOP('',(#1238,#1239,#1240,#1241));
#341=EDGE_LOOP('',(#1242,#1243,#1244,#1245));
#342=EDGE_LOOP('',(#1246,#1247,#1248,#1249));
#343=EDGE_LOOP('',(#1250,#1251,#1252,#1253));
#344=EDGE_LOOP('',(#1254,#1255,#1256,#1257));
#345=EDGE_LOOP('',(#1258,#1259,#1260,#1261));
#346=EDGE_LOOP('',(#1262,#1263,#1264,#1265));
#347=LINE('',#1992,#420);
#348=LINE('',#1998,#421);
#349=LINE('',#2004,#422);
#350=LINE('',#2010,#423);
#351=LINE('',#2016,#424);
#352=LINE('',#2022,#425);
#353=LINE('',#2028,#426);
#354=LINE('',#2034,#427);
#355=LINE('',#2040,#428);
#356=LINE('',#2046,#429);
#357=LINE('',#2052,#430);
#358=LINE('',#2058,#431);
#359=LINE('',#2064,#432);
#360=LINE('',#2070,#433);
#361=LINE('',#2076,#434);
#362=LINE('',#2082,#435);
#363=LINE('',#2088,#436);
#364=LINE('',#2094,#437);
#365=LINE('',#2100,#438);
#366=LINE('',#2106,#439);
#367=LINE('',#2112,#440);
#368=LINE('',#2118,#441);
#369=LINE('',#2124,#442);
#370=LINE('',#2130,#443);
#371=LINE('',#2136,#444);
#372=LINE('',#2142,#445);
#373=LINE('',#2148,#446);
#374=LINE('',#2154,#447);
#375=LINE('',#2160,#448);
#376=LINE('',#2166,#449);
#377=LINE('',#2172,#450);
#378=LINE('',#2178,#451);
#379=LINE('',#2184,#452);
#380=LINE('',#2190,#453);
#381=LINE('',#2196,#454);
#382=LINE('',#2202,#455);
#383=LINE('',#2208,#456);
#384=LINE('',#2217,#457);
#385=LINE('',#2226,#458);
#386=LINE('',#2235,#459);
#387=LINE('',#2244,#460);
#388=LINE('',#2251,#461);
#389=LINE('',#2263,#462);
#390=LINE('',#2266,#463);
#391=LINE('',#2268,#464);
#392=LINE('',#2269,#465);
#393=LINE('',#2272,#466);
#394=LINE('',#2276,#467);
#395=LINE('',#2280,#468);
#396=LINE('',#2284,#469);
#397=LINE('',#2296,#470);
#398=LINE('',#2299,#471);
#399=LINE('',#2300,#472);
#400=LINE('',#2352,#473);
#401=LINE('',#2377,#474);
#402=LINE('',#2379,#475);
#403=LINE('',#2381,#476);
#404=LINE('',#2387,#477);
#405=LINE('',#2388,#478);
#406=LINE('',#2391,#479);
#407=LINE('',#2392,#480);
#408=LINE('',#2396,#481);
#409=LINE('',#2399,#482);
#410=LINE('',#2400,#483);
#411=LINE('',#2404,#484);
#412=LINE('',#2407,#485);
#413=LINE('',#2410,#486);
#414=LINE('',#2420,#487);
#415=LINE('',#2421,#488);
#416=LINE('',#2425,#489);
#417=LINE('',#2427,#490);
#418=LINE('',#2429,#491);
#419=LINE('',#2431,#492);
#420=VECTOR('',#1578,1.5);
#421=VECTOR('',#1585,1.5);
#422=VECTOR('',#1592,1.5);
#423=VECTOR('',#1599,1.5);
#424=VECTOR('',#1606,1.5);
#425=VECTOR('',#1613,1.5);
#426=VECTOR('',#1620,1.5);
#427=VECTOR('',#1627,1.5);
#428=VECTOR('',#1634,1.5);
#429=VECTOR('',#1641,1.5);
#430=VECTOR('',#1648,1.5);
#431=VECTOR('',#1655,1.5);
#432=VECTOR('',#1662,1.5);
#433=VECTOR('',#1669,1.5);
#434=VECTOR('',#1676,1.5);
#435=VECTOR('',#1683,1.5);
#436=VECTOR('',#1690,1.5);
#437=VECTOR('',#1697,1.5);
#438=VECTOR('',#1704,1.5);
#439=VECTOR('',#1711,1.5);
#440=VECTOR('',#1718,1.5);
#441=VECTOR('',#1725,1.5);
#442=VECTOR('',#1732,1.5);
#443=VECTOR('',#1739,1.5);
#444=VECTOR('',#1746,1.5);
#445=VECTOR('',#1753,1.5);
#446=VECTOR('',#1760,1.5);
#447=VECTOR('',#1767,1.5);
#448=VECTOR('',#1774,1.5);
#449=VECTOR('',#1781,1.5);
#450=VECTOR('',#1788,1.5);
#451=VECTOR('',#1795,1.5);
#452=VECTOR('',#1802,1.5);
#453=VECTOR('',#1809,1.5);
#454=VECTOR('',#1816,1.5);
#455=VECTOR('',#1823,1.5);
#456=VECTOR('',#1830,2.5);
#457=VECTOR('',#1841,2.5);
#458=VECTOR('',#1852,2.5);
#459=VECTOR('',#1863,2.5);
#460=VECTOR('',#1874,1.5);
#461=VECTOR('',#1881,10.);
#462=VECTOR('',#1882,10.);
#463=VECTOR('',#1885,10.);
#464=VECTOR('',#1886,10.);
#465=VECTOR('',#1887,10.);
#466=VECTOR('',#1890,10.);
#467=VECTOR('',#1893,10.);
#468=VECTOR('',#1896,10.);
#469=VECTOR('',#1901,10.);
#470=VECTOR('',#1902,10.);
#471=VECTOR('',#1905,10.);
#472=VECTOR('',#1906,10.);
#473=VECTOR('',#1915,10.);
#474=VECTOR('',#1918,10.);
#475=VECTOR('',#1921,10.);
#476=VECTOR('',#1924,10.);
#477=VECTOR('',#1931,10.);
#478=VECTOR('',#1932,10.);
#479=VECTOR('',#1935,10.);
#480=VECTOR('',#1936,10.);
#481=VECTOR('',#1941,10.);
#482=VECTOR('',#1944,10.);
#483=VECTOR('',#1945,10.);
#484=VECTOR('',#1950,10.);
#485=VECTOR('',#1953,10.);
#486=VECTOR('',#1956,10.);
#487=VECTOR('',#1967,10.);
#488=VECTOR('',#1968,10.);
#489=VECTOR('',#1975,1.632);
#490=VECTOR('',#1978,1.632);
#491=VECTOR('',#1981,1.632);
#492=VECTOR('',#1984,1.632);
#493=CIRCLE('',#1403,1.5);
#494=CIRCLE('',#1404,1.5);
#495=CIRCLE('',#1406,1.5);
#496=CIRCLE('',#1407,1.5);
#497=CIRCLE('',#1409,1.5);
#498=CIRCLE('',#1410,1.5);
#499=CIRCLE('',#1412,1.5);
#500=CIRCLE('',#1413,1.5);
#501=CIRCLE('',#1415,1.5);
#502=CIRCLE('',#1416,1.5);
#503=CIRCLE('',#1418,1.5);
#504=CIRCLE('',#1419,1.5);
#505=CIRCLE('',#1421,1.5);
#506=CIRCLE('',#1422,1.5);
#507=CIRCLE('',#1424,1.5);
#508=CIRCLE('',#1425,1.5);
#509=CIRCLE('',#1427,1.5);
#510=CIRCLE('',#1428,1.5);
#511=CIRCLE('',#1430,1.5);
#512=CIRCLE('',#1431,1.5);
#513=CIRCLE('',#1433,1.5);
#514=CIRCLE('',#1434,1.5);
#515=CIRCLE('',#1436,1.5);
#516=CIRCLE('',#1437,1.5);
#517=CIRCLE('',#1439,1.5);
#518=CIRCLE('',#1440,1.5);
#519=CIRCLE('',#1442,1.5);
#520=CIRCLE('',#1443,1.5);
#521=CIRCLE('',#1445,1.5);
#522=CIRCLE('',#1446,1.5);
#523=CIRCLE('',#1448,1.5);
#524=CIRCLE('',#1449,1.5);
#525=CIRCLE('',#1451,1.5);
#526=CIRCLE('',#1452,1.5);
#527=CIRCLE('',#1454,1.5);
#528=CIRCLE('',#1455,1.5);
#529=CIRCLE('',#1457,1.5);
#530=CIRCLE('',#1458,1.5);
#531=CIRCLE('',#1460,1.5);
#532=CIRCLE('',#1461,1.5);
#533=CIRCLE('',#1463,1.5);
#534=CIRCLE('',#1464,1.5);
#535=CIRCLE('',#1466,1.5);
#536=CIRCLE('',#1467,1.5);
#537=CIRCLE('',#1469,1.5);
#538=CIRCLE('',#1470,1.5);
#539=CIRCLE('',#1472,1.5);
#540=CIRCLE('',#1473,1.5);
#541=CIRCLE('',#1475,1.5);
#542=CIRCLE('',#1476,1.5);
#543=CIRCLE('',#1478,1.5);
#544=CIRCLE('',#1479,1.5);
#545=CIRCLE('',#1481,1.5);
#546=CIRCLE('',#1482,1.5);
#547=CIRCLE('',#1484,1.5);
#548=CIRCLE('',#1485,1.5);
#549=CIRCLE('',#1487,1.5);
#550=CIRCLE('',#1488,1.5);
#551=CIRCLE('',#1490,1.5);
#552=CIRCLE('',#1491,1.5);
#553=CIRCLE('',#1493,1.5);
#554=CIRCLE('',#1494,1.5);
#555=CIRCLE('',#1496,1.5);
#556=CIRCLE('',#1497,1.5);
#557=CIRCLE('',#1499,1.5);
#558=CIRCLE('',#1500,1.5);
#559=CIRCLE('',#1502,1.5);
#560=CIRCLE('',#1503,1.5);
#561=CIRCLE('',#1505,1.5);
#562=CIRCLE('',#1506,1.5);
#563=CIRCLE('',#1508,1.5);
#564=CIRCLE('',#1509,1.5);
#565=CIRCLE('',#1511,2.5);
#566=CIRCLE('',#1512,2.5);
#567=CIRCLE('',#1514,1.632);
#568=CIRCLE('',#1516,2.5);
#569=CIRCLE('',#1517,2.5);
#570=CIRCLE('',#1519,1.632);
#571=CIRCLE('',#1521,2.5);
#572=CIRCLE('',#1522,2.5);
#573=CIRCLE('',#1524,1.632);
#574=CIRCLE('',#1526,2.5);
#575=CIRCLE('',#1527,2.5);
#576=CIRCLE('',#1529,1.632);
#577=CIRCLE('',#1531,1.5);
#578=CIRCLE('',#1532,1.5);
#579=CIRCLE('',#1534,6.);
#580=CIRCLE('',#1537,6.);
#581=CIRCLE('',#1538,6.);
#582=CIRCLE('',#1539,6.);
#583=CIRCLE('',#1543,65.);
#584=CIRCLE('',#1544,65.);
#585=CIRCLE('',#1545,65.);
#586=CIRCLE('',#1546,65.);
#587=CIRCLE('',#1551,4.5);
#588=CIRCLE('',#1554,4.5);
#589=CIRCLE('',#1557,4.5);
#590=CIRCLE('',#1559,4.5);
#591=CIRCLE('',#1560,1.632);
#592=CIRCLE('',#1561,1.632);
#593=CIRCLE('',#1562,1.632);
#594=CIRCLE('',#1563,1.632);
#595=VERTEX_POINT('',#1989);
#596=VERTEX_POINT('',#1991);
#597=VERTEX_POINT('',#1995);
#598=VERTEX_POINT('',#1997);
#599=VERTEX_POINT('',#2001);
#600=VERTEX_POINT('',#2003);
#601=VERTEX_POINT('',#2007);
#602=VERTEX_POINT('',#2009);
#603=VERTEX_POINT('',#2013);
#604=VERTEX_POINT('',#2015);
#605=VERTEX_POINT('',#2019);
#606=VERTEX_POINT('',#2021);
#607=VERTEX_POINT('',#2025);
#608=VERTEX_POINT('',#2027);
#609=VERTEX_POINT('',#2031);
#610=VERTEX_POINT('',#2033);
#611=VERTEX_POINT('',#2037);
#612=VERTEX_POINT('',#2039);
#613=VERTEX_POINT('',#2043);
#614=VERTEX_POINT('',#2045);
#615=VERTEX_POINT('',#2049);
#616=VERTEX_POINT('',#2051);
#617=VERTEX_POINT('',#2055);
#618=VERTEX_POINT('',#2057);
#619=VERTEX_POINT('',#2061);
#620=VERTEX_POINT('',#2063);
#621=VERTEX_POINT('',#2067);
#622=VERTEX_POINT('',#2069);
#623=VERTEX_POINT('',#2073);
#624=VERTEX_POINT('',#2075);
#625=VERTEX_POINT('',#2079);
#626=VERTEX_POINT('',#2081);
#627=VERTEX_POINT('',#2085);
#628=VERTEX_POINT('',#2087);
#629=VERTEX_POINT('',#2091);
#630=VERTEX_POINT('',#2093);
#631=VERTEX_POINT('',#2097);
#632=VERTEX_POINT('',#2099);
#633=VERTEX_POINT('',#2103);
#634=VERTEX_POINT('',#2105);
#635=VERTEX_POINT('',#2109);
#636=VERTEX_POINT('',#2111);
#637=VERTEX_POINT('',#2115);
#638=VERTEX_POINT('',#2117);
#639=VERTEX_POINT('',#2121);
#640=VERTEX_POINT('',#2123);
#641=VERTEX_POINT('',#2127);
#642=VERTEX_POINT('',#2129);
#643=VERTEX_POINT('',#2133);
#644=VERTEX_POINT('',#2135);
#645=VERTEX_POINT('',#2139);
#646=VERTEX_POINT('',#2141);
#647=VERTEX_POINT('',#2145);
#648=VERTEX_POINT('',#2147);
#649=VERTEX_POINT('',#2151);
#650=VERTEX_POINT('',#2153);
#651=VERTEX_POINT('',#2157);
#652=VERTEX_POINT('',#2159);
#653=VERTEX_POINT('',#2163);
#654=VERTEX_POINT('',#2165);
#655=VERTEX_POINT('',#2169);
#656=VERTEX_POINT('',#2171);
#657=VERTEX_POINT('',#2175);
#658=VERTEX_POINT('',#2177);
#659=VERTEX_POINT('',#2181);
#660=VERTEX_POINT('',#2183);
#661=VERTEX_POINT('',#2187);
#662=VERTEX_POINT('',#2189);
#663=VERTEX_POINT('',#2193);
#664=VERTEX_POINT('',#2195);
#665=VERTEX_POINT('',#2199);
#666=VERTEX_POINT('',#2201);
#667=VERTEX_POINT('',#2205);
#668=VERTEX_POINT('',#2207);
#669=VERTEX_POINT('',#2211);
#670=VERTEX_POINT('',#2214);
#671=VERTEX_POINT('',#2216);
#672=VERTEX_POINT('',#2220);
#673=VERTEX_POINT('',#2223);
#674=VERTEX_POINT('',#2225);
#675=VERTEX_POINT('',#2229);
#676=VERTEX_POINT('',#2232);
#677=VERTEX_POINT('',#2234);
#678=VERTEX_POINT('',#2238);
#679=VERTEX_POINT('',#2241);
#680=VERTEX_POINT('',#2243);
#681=VERTEX_POINT('',#2247);
#682=VERTEX_POINT('',#2248);
#683=VERTEX_POINT('',#2250);
#684=VERTEX_POINT('',#2252);
#685=VERTEX_POINT('',#2265);
#686=VERTEX_POINT('',#2267);
#687=VERTEX_POINT('',#2271);
#688=VERTEX_POINT('',#2273);
#689=VERTEX_POINT('',#2275);
#690=VERTEX_POINT('',#2277);
#691=VERTEX_POINT('',#2279);
#692=VERTEX_POINT('',#2283);
#693=VERTEX_POINT('',#2285);
#694=VERTEX_POINT('',#2298);
#695=VERTEX_POINT('',#2302);
#696=VERTEX_POINT('',#2313);
#697=VERTEX_POINT('',#2326);
#698=VERTEX_POINT('',#2327);
#699=VERTEX_POINT('',#2338);
#700=VERTEX_POINT('',#2340);
#701=VERTEX_POINT('',#2351);
#702=VERTEX_POINT('',#2353);
#703=VERTEX_POINT('',#2364);
#704=VERTEX_POINT('',#2366);
#705=VERTEX_POINT('',#2384);
#706=VERTEX_POINT('',#2385);
#707=VERTEX_POINT('',#2390);
#708=VERTEX_POINT('',#2394);
#709=VERTEX_POINT('',#2398);
#710=VERTEX_POINT('',#2402);
#711=VERTEX_POINT('',#2406);
#712=VERTEX_POINT('',#2408);
#713=VERTEX_POINT('',#2411);
#714=VERTEX_POINT('',#2413);
#715=VERTEX_POINT('',#2415);
#716=VERTEX_POINT('',#2417);
#717=EDGE_CURVE('',#595,#595,#493,.T.);
#718=EDGE_CURVE('',#595,#596,#347,.T.);
#719=EDGE_CURVE('',#596,#596,#494,.T.);
#720=EDGE_CURVE('',#597,#597,#495,.T.);
#721=EDGE_CURVE('',#597,#598,#348,.T.);
#722=EDGE_CURVE('',#598,#598,#496,.T.);
#723=EDGE_CURVE('',#599,#599,#497,.T.);
#724=EDGE_CURVE('',#599,#600,#349,.T.);
#725=EDGE_CURVE('',#600,#600,#498,.T.);
#726=EDGE_CURVE('',#601,#601,#499,.T.);
#727=EDGE_CURVE('',#601,#602,#350,.T.);
#728=EDGE_CURVE('',#602,#602,#500,.T.);
#729=EDGE_CURVE('',#603,#603,#501,.T.);
#730=EDGE_CURVE('',#603,#604,#351,.T.);
#731=EDGE_CURVE('',#604,#604,#502,.T.);
#732=EDGE_CURVE('',#605,#605,#503,.T.);
#733=EDGE_CURVE('',#605,#606,#352,.T.);
#734=EDGE_CURVE('',#606,#606,#504,.T.);
#735=EDGE_CURVE('',#607,#607,#505,.T.);
#736=EDGE_CURVE('',#607,#608,#353,.T.);
#737=EDGE_CURVE('',#608,#608,#506,.T.);
#738=EDGE_CURVE('',#609,#609,#507,.T.);
#739=EDGE_CURVE('',#609,#610,#354,.T.);
#740=EDGE_CURVE('',#610,#610,#508,.T.);
#741=EDGE_CURVE('',#611,#611,#509,.T.);
#742=EDGE_CURVE('',#611,#612,#355,.T.);
#743=EDGE_CURVE('',#612,#612,#510,.T.);
#744=EDGE_CURVE('',#613,#613,#511,.T.);
#745=EDGE_CURVE('',#613,#614,#356,.T.);
#746=EDGE_CURVE('',#614,#614,#512,.T.);
#747=EDGE_CURVE('',#615,#615,#513,.T.);
#748=EDGE_CURVE('',#615,#616,#357,.T.);
#749=EDGE_CURVE('',#616,#616,#514,.T.);
#750=EDGE_CURVE('',#617,#617,#515,.T.);
#751=EDGE_CURVE('',#617,#618,#358,.T.);
#752=EDGE_CURVE('',#618,#618,#516,.T.);
#753=EDGE_CURVE('',#619,#619,#517,.T.);
#754=EDGE_CURVE('',#619,#620,#359,.T.);
#755=EDGE_CURVE('',#620,#620,#518,.T.);
#756=EDGE_CURVE('',#621,#621,#519,.T.);
#757=EDGE_CURVE('',#621,#622,#360,.T.);
#758=EDGE_CURVE('',#622,#622,#520,.T.);
#759=EDGE_CURVE('',#623,#623,#521,.T.);
#760=EDGE_CURVE('',#623,#624,#361,.T.);
#761=EDGE_CURVE('',#624,#624,#522,.T.);
#762=EDGE_CURVE('',#625,#625,#523,.T.);
#763=EDGE_CURVE('',#625,#626,#362,.T.);
#764=EDGE_CURVE('',#626,#626,#524,.T.);
#765=EDGE_CURVE('',#627,#627,#525,.T.);
#766=EDGE_CURVE('',#627,#628,#363,.T.);
#767=EDGE_CURVE('',#628,#628,#526,.T.);
#768=EDGE_CURVE('',#629,#629,#527,.T.);
#769=EDGE_CURVE('',#629,#630,#364,.T.);
#770=EDGE_CURVE('',#630,#630,#528,.T.);
#771=EDGE_CURVE('',#631,#631,#529,.T.);
#772=EDGE_CURVE('',#631,#632,#365,.T.);
#773=EDGE_CURVE('',#632,#632,#530,.T.);
#774=EDGE_CURVE('',#633,#633,#531,.T.);
#775=EDGE_CURVE('',#633,#634,#366,.T.);
#776=EDGE_CURVE('',#634,#634,#532,.T.);
#777=EDGE_CURVE('',#635,#635,#533,.T.);
#778=EDGE_CURVE('',#635,#636,#367,.T.);
#779=EDGE_CURVE('',#636,#636,#534,.T.);
#780=EDGE_CURVE('',#637,#637,#535,.T.);
#781=EDGE_CURVE('',#637,#638,#368,.T.);
#782=EDGE_CURVE('',#638,#638,#536,.T.);
#783=EDGE_CURVE('',#639,#639,#537,.T.);
#784=EDGE_CURVE('',#639,#640,#369,.T.);
#785=EDGE_CURVE('',#640,#640,#538,.T.);
#786=EDGE_CURVE('',#641,#641,#539,.T.);
#787=EDGE_CURVE('',#641,#642,#370,.T.);
#788=EDGE_CURVE('',#642,#642,#540,.T.);
#789=EDGE_CURVE('',#643,#643,#541,.T.);
#790=EDGE_CURVE('',#643,#644,#371,.T.);
#791=EDGE_CURVE('',#644,#644,#542,.T.);
#792=EDGE_CURVE('',#645,#645,#543,.T.);
#793=EDGE_CURVE('',#645,#646,#372,.T.);
#794=EDGE_CURVE('',#646,#646,#544,.T.);
#795=EDGE_CURVE('',#647,#647,#545,.T.);
#796=EDGE_CURVE('',#647,#648,#373,.T.);
#797=EDGE_CURVE('',#648,#648,#546,.T.);
#798=EDGE_CURVE('',#649,#649,#547,.T.);
#799=EDGE_CURVE('',#649,#650,#374,.T.);
#800=EDGE_CURVE('',#650,#650,#548,.T.);
#801=EDGE_CURVE('',#651,#651,#549,.T.);
#802=EDGE_CURVE('',#651,#652,#375,.T.);
#803=EDGE_CURVE('',#652,#652,#550,.T.);
#804=EDGE_CURVE('',#653,#653,#551,.T.);
#805=EDGE_CURVE('',#653,#654,#376,.T.);
#806=EDGE_CURVE('',#654,#654,#552,.T.);
#807=EDGE_CURVE('',#655,#655,#553,.T.);
#808=EDGE_CURVE('',#655,#656,#377,.T.);
#809=EDGE_CURVE('',#656,#656,#554,.T.);
#810=EDGE_CURVE('',#657,#657,#555,.T.);
#811=EDGE_CURVE('',#657,#658,#378,.T.);
#812=EDGE_CURVE('',#658,#658,#556,.T.);
#813=EDGE_CURVE('',#659,#659,#557,.T.);
#814=EDGE_CURVE('',#659,#660,#379,.T.);
#815=EDGE_CURVE('',#660,#660,#558,.T.);
#816=EDGE_CURVE('',#661,#661,#559,.T.);
#817=EDGE_CURVE('',#661,#662,#380,.T.);
#818=EDGE_CURVE('',#662,#662,#560,.T.);
#819=EDGE_CURVE('',#663,#663,#561,.T.);
#820=EDGE_CURVE('',#663,#664,#381,.T.);
#821=EDGE_CURVE('',#664,#664,#562,.T.);
#822=EDGE_CURVE('',#665,#665,#563,.T.);
#823=EDGE_CURVE('',#665,#666,#382,.T.);
#824=EDGE_CURVE('',#666,#666,#564,.T.);
#825=EDGE_CURVE('',#667,#667,#565,.T.);
#826=EDGE_CURVE('',#667,#668,#383,.T.);
#827=EDGE_CURVE('',#668,#668,#566,.T.);
#828=EDGE_CURVE('',#669,#669,#567,.T.);
#829=EDGE_CURVE('',#670,#670,#568,.T.);
#830=EDGE_CURVE('',#670,#671,#384,.T.);
#831=EDGE_CURVE('',#671,#671,#569,.T.);
#832=EDGE_CURVE('',#672,#672,#570,.T.);
#833=EDGE_CURVE('',#673,#673,#571,.T.);
#834=EDGE_CURVE('',#673,#674,#385,.T.);
#835=EDGE_CURVE('',#674,#674,#572,.T.);
#836=EDGE_CURVE('',#675,#675,#573,.T.);
#837=EDGE_CURVE('',#676,#676,#574,.T.);
#838=EDGE_CURVE('',#676,#677,#386,.T.);
#839=EDGE_CURVE('',#677,#677,#575,.T.);
#840=EDGE_CURVE('',#678,#678,#576,.T.);
#841=EDGE_CURVE('',#679,#679,#577,.T.);
#842=EDGE_CURVE('',#679,#680,#387,.T.);
#843=EDGE_CURVE('',#680,#680,#578,.T.);
#844=EDGE_CURVE('',#681,#682,#579,.T.);
#845=EDGE_CURVE('',#682,#683,#388,.T.);
#846=EDGE_CURVE('',#683,#684,#15,.T.);
#847=EDGE_CURVE('',#684,#681,#389,.T.);
#848=EDGE_CURVE('',#685,#682,#390,.T.);
#849=EDGE_CURVE('',#686,#685,#391,.T.);
#850=EDGE_CURVE('',#683,#686,#392,.T.);
#851=EDGE_CURVE('',#681,#687,#393,.T.);
#852=EDGE_CURVE('',#688,#687,#580,.T.);
#853=EDGE_CURVE('',#688,#689,#394,.T.);
#854=EDGE_CURVE('',#690,#689,#581,.T.);
#855=EDGE_CURVE('',#690,#691,#395,.T.);
#856=EDGE_CURVE('',#685,#691,#582,.T.);
#857=EDGE_CURVE('',#687,#692,#396,.T.);
#858=EDGE_CURVE('',#692,#693,#16,.T.);
#859=EDGE_CURVE('',#693,#688,#397,.T.);
#860=EDGE_CURVE('',#694,#693,#398,.T.);
#861=EDGE_CURVE('',#689,#694,#399,.T.);
#862=EDGE_CURVE('',#695,#686,#17,.T.);
#863=EDGE_CURVE('',#696,#695,#583,.T.);
#864=EDGE_CURVE('',#694,#696,#18,.T.);
#865=EDGE_CURVE('',#684,#692,#584,.T.);
#866=EDGE_CURVE('',#697,#698,#19,.T.);
#867=EDGE_CURVE('',#699,#697,#585,.T.);
#868=EDGE_CURVE('',#700,#699,#20,.T.);
#869=EDGE_CURVE('',#701,#700,#400,.T.);
#870=EDGE_CURVE('',#702,#701,#21,.T.);
#871=EDGE_CURVE('',#703,#702,#586,.T.);
#872=EDGE_CURVE('',#704,#703,#22,.T.);
#873=EDGE_CURVE('',#698,#704,#401,.T.);
#874=EDGE_CURVE('',#696,#690,#402,.T.);
#875=EDGE_CURVE('',#691,#695,#403,.T.);
#876=EDGE_CURVE('',#705,#706,#587,.T.);
#877=EDGE_CURVE('',#705,#697,#404,.T.);
#878=EDGE_CURVE('',#698,#706,#405,.T.);
#879=EDGE_CURVE('',#707,#705,#406,.T.);
#880=EDGE_CURVE('',#699,#707,#407,.T.);
#881=EDGE_CURVE('',#708,#707,#588,.T.);
#882=EDGE_CURVE('',#708,#700,#408,.T.);
#883=EDGE_CURVE('',#709,#708,#409,.T.);
#884=EDGE_CURVE('',#701,#709,#410,.T.);
#885=EDGE_CURVE('',#710,#709,#589,.T.);
#886=EDGE_CURVE('',#710,#702,#411,.T.);
#887=EDGE_CURVE('',#706,#711,#412,.T.);
#888=EDGE_CURVE('',#711,#712,#590,.T.);
#889=EDGE_CURVE('',#712,#710,#413,.T.);
#890=EDGE_CURVE('',#713,#713,#591,.T.);
#891=EDGE_CURVE('',#714,#714,#592,.T.);
#892=EDGE_CURVE('',#715,#715,#593,.T.);
#893=EDGE_CURVE('',#716,#716,#594,.T.);
#894=EDGE_CURVE('',#711,#704,#414,.T.);
#895=EDGE_CURVE('',#703,#712,#415,.T.);
#896=EDGE_CURVE('',#675,#716,#416,.T.);
#897=EDGE_CURVE('',#672,#715,#417,.T.);
#898=EDGE_CURVE('',#678,#714,#418,.T.);
#899=EDGE_CURVE('',#669,#713,#419,.T.);
#900=ORIENTED_EDGE('',*,*,#717,.F.);
#901=ORIENTED_EDGE('',*,*,#718,.T.);
#902=ORIENTED_EDGE('',*,*,#719,.F.);
#903=ORIENTED_EDGE('',*,*,#718,.F.);
#904=ORIENTED_EDGE('',*,*,#720,.F.);
#905=ORIENTED_EDGE('',*,*,#721,.T.);
#906=ORIENTED_EDGE('',*,*,#722,.F.);
#907=ORIENTED_EDGE('',*,*,#721,.F.);
#908=ORIENTED_EDGE('',*,*,#723,.F.);
#909=ORIENTED_EDGE('',*,*,#724,.T.);
#910=ORIENTED_EDGE('',*,*,#725,.F.);
#911=ORIENTED_EDGE('',*,*,#724,.F.);
#912=ORIENTED_EDGE('',*,*,#726,.F.);
#913=ORIENTED_EDGE('',*,*,#727,.T.);
#914=ORIENTED_EDGE('',*,*,#728,.F.);
#915=ORIENTED_EDGE('',*,*,#727,.F.);
#916=ORIENTED_EDGE('',*,*,#729,.F.);
#917=ORIENTED_EDGE('',*,*,#730,.T.);
#918=ORIENTED_EDGE('',*,*,#731,.F.);
#919=ORIENTED_EDGE('',*,*,#730,.F.);
#920=ORIENTED_EDGE('',*,*,#732,.F.);
#921=ORIENTED_EDGE('',*,*,#733,.T.);
#922=ORIENTED_EDGE('',*,*,#734,.F.);
#923=ORIENTED_EDGE('',*,*,#733,.F.);
#924=ORIENTED_EDGE('',*,*,#735,.F.);
#925=ORIENTED_EDGE('',*,*,#736,.T.);
#926=ORIENTED_EDGE('',*,*,#737,.F.);
#927=ORIENTED_EDGE('',*,*,#736,.F.);
#928=ORIENTED_EDGE('',*,*,#738,.F.);
#929=ORIENTED_EDGE('',*,*,#739,.T.);
#930=ORIENTED_EDGE('',*,*,#740,.F.);
#931=ORIENTED_EDGE('',*,*,#739,.F.);
#932=ORIENTED_EDGE('',*,*,#741,.F.);
#933=ORIENTED_EDGE('',*,*,#742,.T.);
#934=ORIENTED_EDGE('',*,*,#743,.F.);
#935=ORIENTED_EDGE('',*,*,#742,.F.);
#936=ORIENTED_EDGE('',*,*,#744,.F.);
#937=ORIENTED_EDGE('',*,*,#745,.T.);
#938=ORIENTED_EDGE('',*,*,#746,.F.);
#939=ORIENTED_EDGE('',*,*,#745,.F.);
#940=ORIENTED_EDGE('',*,*,#747,.F.);
#941=ORIENTED_EDGE('',*,*,#748,.T.);
#942=ORIENTED_EDGE('',*,*,#749,.F.);
#943=ORIENTED_EDGE('',*,*,#748,.F.);
#944=ORIENTED_EDGE('',*,*,#750,.F.);
#945=ORIENTED_EDGE('',*,*,#751,.T.);
#946=ORIENTED_EDGE('',*,*,#752,.F.);
#947=ORIENTED_EDGE('',*,*,#751,.F.);
#948=ORIENTED_EDGE('',*,*,#753,.F.);
#949=ORIENTED_EDGE('',*,*,#754,.T.);
#950=ORIENTED_EDGE('',*,*,#755,.F.);
#951=ORIENTED_EDGE('',*,*,#754,.F.);
#952=ORIENTED_EDGE('',*,*,#756,.F.);
#953=ORIENTED_EDGE('',*,*,#757,.T.);
#954=ORIENTED_EDGE('',*,*,#758,.F.);
#955=ORIENTED_EDGE('',*,*,#757,.F.);
#956=ORIENTED_EDGE('',*,*,#759,.F.);
#957=ORIENTED_EDGE('',*,*,#760,.T.);
#958=ORIENTED_EDGE('',*,*,#761,.F.);
#959=ORIENTED_EDGE('',*,*,#760,.F.);
#960=ORIENTED_EDGE('',*,*,#762,.F.);
#961=ORIENTED_EDGE('',*,*,#763,.T.);
#962=ORIENTED_EDGE('',*,*,#764,.F.);
#963=ORIENTED_EDGE('',*,*,#763,.F.);
#964=ORIENTED_EDGE('',*,*,#765,.F.);
#965=ORIENTED_EDGE('',*,*,#766,.T.);
#966=ORIENTED_EDGE('',*,*,#767,.F.);
#967=ORIENTED_EDGE('',*,*,#766,.F.);
#968=ORIENTED_EDGE('',*,*,#768,.F.);
#969=ORIENTED_EDGE('',*,*,#769,.T.);
#970=ORIENTED_EDGE('',*,*,#770,.F.);
#971=ORIENTED_EDGE('',*,*,#769,.F.);
#972=ORIENTED_EDGE('',*,*,#771,.F.);
#973=ORIENTED_EDGE('',*,*,#772,.T.);
#974=ORIENTED_EDGE('',*,*,#773,.F.);
#975=ORIENTED_EDGE('',*,*,#772,.F.);
#976=ORIENTED_EDGE('',*,*,#774,.F.);
#977=ORIENTED_EDGE('',*,*,#775,.T.);
#978=ORIENTED_EDGE('',*,*,#776,.F.);
#979=ORIENTED_EDGE('',*,*,#775,.F.);
#980=ORIENTED_EDGE('',*,*,#777,.F.);
#981=ORIENTED_EDGE('',*,*,#778,.T.);
#982=ORIENTED_EDGE('',*,*,#779,.F.);
#983=ORIENTED_EDGE('',*,*,#778,.F.);
#984=ORIENTED_EDGE('',*,*,#780,.F.);
#985=ORIENTED_EDGE('',*,*,#781,.T.);
#986=ORIENTED_EDGE('',*,*,#782,.F.);
#987=ORIENTED_EDGE('',*,*,#781,.F.);
#988=ORIENTED_EDGE('',*,*,#783,.F.);
#989=ORIENTED_EDGE('',*,*,#784,.T.);
#990=ORIENTED_EDGE('',*,*,#785,.F.);
#991=ORIENTED_EDGE('',*,*,#784,.F.);
#992=ORIENTED_EDGE('',*,*,#786,.F.);
#993=ORIENTED_EDGE('',*,*,#787,.T.);
#994=ORIENTED_EDGE('',*,*,#788,.F.);
#995=ORIENTED_EDGE('',*,*,#787,.F.);
#996=ORIENTED_EDGE('',*,*,#789,.F.);
#997=ORIENTED_EDGE('',*,*,#790,.T.);
#998=ORIENTED_EDGE('',*,*,#791,.F.);
#999=ORIENTED_EDGE('',*,*,#790,.F.);
#1000=ORIENTED_EDGE('',*,*,#792,.F.);
#1001=ORIENTED_EDGE('',*,*,#793,.T.);
#1002=ORIENTED_EDGE('',*,*,#794,.F.);
#1003=ORIENTED_EDGE('',*,*,#793,.F.);
#1004=ORIENTED_EDGE('',*,*,#795,.F.);
#1005=ORIENTED_EDGE('',*,*,#796,.T.);
#1006=ORIENTED_EDGE('',*,*,#797,.F.);
#1007=ORIENTED_EDGE('',*,*,#796,.F.);
#1008=ORIENTED_EDGE('',*,*,#798,.F.);
#1009=ORIENTED_EDGE('',*,*,#799,.T.);
#1010=ORIENTED_EDGE('',*,*,#800,.F.);
#1011=ORIENTED_EDGE('',*,*,#799,.F.);
#1012=ORIENTED_EDGE('',*,*,#801,.F.);
#1013=ORIENTED_EDGE('',*,*,#802,.T.);
#1014=ORIENTED_EDGE('',*,*,#803,.F.);
#1015=ORIENTED_EDGE('',*,*,#802,.F.);
#1016=ORIENTED_EDGE('',*,*,#804,.F.);
#1017=ORIENTED_EDGE('',*,*,#805,.T.);
#1018=ORIENTED_EDGE('',*,*,#806,.F.);
#1019=ORIENTED_EDGE('',*,*,#805,.F.);
#1020=ORIENTED_EDGE('',*,*,#807,.F.);
#1021=ORIENTED_EDGE('',*,*,#808,.T.);
#1022=ORIENTED_EDGE('',*,*,#809,.F.);
#1023=ORIENTED_EDGE('',*,*,#808,.F.);
#1024=ORIENTED_EDGE('',*,*,#810,.F.);
#1025=ORIENTED_EDGE('',*,*,#811,.T.);
#1026=ORIENTED_EDGE('',*,*,#812,.F.);
#1027=ORIENTED_EDGE('',*,*,#811,.F.);
#1028=ORIENTED_EDGE('',*,*,#813,.F.);
#1029=ORIENTED_EDGE('',*,*,#814,.T.);
#1030=ORIENTED_EDGE('',*,*,#815,.F.);
#1031=ORIENTED_EDGE('',*,*,#814,.F.);
#1032=ORIENTED_EDGE('',*,*,#816,.F.);
#1033=ORIENTED_EDGE('',*,*,#817,.T.);
#1034=ORIENTED_EDGE('',*,*,#818,.F.);
#1035=ORIENTED_EDGE('',*,*,#817,.F.);
#1036=ORIENTED_EDGE('',*,*,#819,.F.);
#1037=ORIENTED_EDGE('',*,*,#820,.T.);
#1038=ORIENTED_EDGE('',*,*,#821,.F.);
#1039=ORIENTED_EDGE('',*,*,#820,.F.);
#1040=ORIENTED_EDGE('',*,*,#822,.F.);
#1041=ORIENTED_EDGE('',*,*,#823,.T.);
#1042=ORIENTED_EDGE('',*,*,#824,.F.);
#1043=ORIENTED_EDGE('',*,*,#823,.F.);
#1044=ORIENTED_EDGE('',*,*,#825,.F.);
#1045=ORIENTED_EDGE('',*,*,#826,.T.);
#1046=ORIENTED_EDGE('',*,*,#827,.T.);
#1047=ORIENTED_EDGE('',*,*,#826,.F.);
#1048=ORIENTED_EDGE('',*,*,#827,.F.);
#1049=ORIENTED_EDGE('',*,*,#828,.F.);
#1050=ORIENTED_EDGE('',*,*,#829,.F.);
#1051=ORIENTED_EDGE('',*,*,#830,.T.);
#1052=ORIENTED_EDGE('',*,*,#831,.T.);
#1053=ORIENTED_EDGE('',*,*,#830,.F.);
#1054=ORIENTED_EDGE('',*,*,#831,.F.);
#1055=ORIENTED_EDGE('',*,*,#832,.F.);
#1056=ORIENTED_EDGE('',*,*,#833,.F.);
#1057=ORIENTED_EDGE('',*,*,#834,.T.);
#1058=ORIENTED_EDGE('',*,*,#835,.T.);
#1059=ORIENTED_EDGE('',*,*,#834,.F.);
#1060=ORIENTED_EDGE('',*,*,#835,.F.);
#1061=ORIENTED_EDGE('',*,*,#836,.F.);
#1062=ORIENTED_EDGE('',*,*,#837,.F.);
#1063=ORIENTED_EDGE('',*,*,#838,.T.);
#1064=ORIENTED_EDGE('',*,*,#839,.T.);
#1065=ORIENTED_EDGE('',*,*,#838,.F.);
#1066=ORIENTED_EDGE('',*,*,#839,.F.);
#1067=ORIENTED_EDGE('',*,*,#840,.F.);
#1068=ORIENTED_EDGE('',*,*,#841,.F.);
#1069=ORIENTED_EDGE('',*,*,#842,.T.);
#1070=ORIENTED_EDGE('',*,*,#843,.F.);
#1071=ORIENTED_EDGE('',*,*,#842,.F.);
#1072=ORIENTED_EDGE('',*,*,#844,.T.);
#1073=ORIENTED_EDGE('',*,*,#845,.T.);
#1074=ORIENTED_EDGE('',*,*,#846,.T.);
#1075=ORIENTED_EDGE('',*,*,#847,.T.);
#1076=ORIENTED_EDGE('',*,*,#845,.F.);
#1077=ORIENTED_EDGE('',*,*,#848,.F.);
#1078=ORIENTED_EDGE('',*,*,#849,.F.);
#1079=ORIENTED_EDGE('',*,*,#850,.F.);
#1080=ORIENTED_EDGE('',*,*,#844,.F.);
#1081=ORIENTED_EDGE('',*,*,#851,.T.);
#1082=ORIENTED_EDGE('',*,*,#852,.F.);
#1083=ORIENTED_EDGE('',*,*,#853,.T.);
#1084=ORIENTED_EDGE('',*,*,#854,.F.);
#1085=ORIENTED_EDGE('',*,*,#855,.T.);
#1086=ORIENTED_EDGE('',*,*,#856,.F.);
#1087=ORIENTED_EDGE('',*,*,#848,.T.);
#1088=ORIENTED_EDGE('',*,*,#717,.T.);
#1089=ORIENTED_EDGE('',*,*,#720,.T.);
#1090=ORIENTED_EDGE('',*,*,#723,.T.);
#1091=ORIENTED_EDGE('',*,*,#726,.T.);
#1092=ORIENTED_EDGE('',*,*,#729,.T.);
#1093=ORIENTED_EDGE('',*,*,#732,.T.);
#1094=ORIENTED_EDGE('',*,*,#735,.T.);
#1095=ORIENTED_EDGE('',*,*,#738,.T.);
#1096=ORIENTED_EDGE('',*,*,#741,.T.);
#1097=ORIENTED_EDGE('',*,*,#744,.T.);
#1098=ORIENTED_EDGE('',*,*,#747,.T.);
#1099=ORIENTED_EDGE('',*,*,#750,.T.);
#1100=ORIENTED_EDGE('',*,*,#753,.T.);
#1101=ORIENTED_EDGE('',*,*,#756,.T.);
#1102=ORIENTED_EDGE('',*,*,#759,.T.);
#1103=ORIENTED_EDGE('',*,*,#762,.T.);
#1104=ORIENTED_EDGE('',*,*,#765,.T.);
#1105=ORIENTED_EDGE('',*,*,#768,.T.);
#1106=ORIENTED_EDGE('',*,*,#771,.T.);
#1107=ORIENTED_EDGE('',*,*,#774,.T.);
#1108=ORIENTED_EDGE('',*,*,#777,.T.);
#1109=ORIENTED_EDGE('',*,*,#780,.T.);
#1110=ORIENTED_EDGE('',*,*,#783,.T.);
#1111=ORIENTED_EDGE('',*,*,#786,.T.);
#1112=ORIENTED_EDGE('',*,*,#789,.T.);
#1113=ORIENTED_EDGE('',*,*,#792,.T.);
#1114=ORIENTED_EDGE('',*,*,#795,.T.);
#1115=ORIENTED_EDGE('',*,*,#798,.T.);
#1116=ORIENTED_EDGE('',*,*,#801,.T.);
#1117=ORIENTED_EDGE('',*,*,#804,.T.);
#1118=ORIENTED_EDGE('',*,*,#807,.T.);
#1119=ORIENTED_EDGE('',*,*,#810,.T.);
#1120=ORIENTED_EDGE('',*,*,#813,.T.);
#1121=ORIENTED_EDGE('',*,*,#816,.T.);
#1122=ORIENTED_EDGE('',*,*,#819,.T.);
#1123=ORIENTED_EDGE('',*,*,#822,.T.);
#1124=ORIENTED_EDGE('',*,*,#825,.T.);
#1125=ORIENTED_EDGE('',*,*,#829,.T.);
#1126=ORIENTED_EDGE('',*,*,#833,.T.);
#1127=ORIENTED_EDGE('',*,*,#837,.T.);
#1128=ORIENTED_EDGE('',*,*,#841,.T.);
#1129=ORIENTED_EDGE('',*,*,#852,.T.);
#1130=ORIENTED_EDGE('',*,*,#857,.T.);
#1131=ORIENTED_EDGE('',*,*,#858,.T.);
#1132=ORIENTED_EDGE('',*,*,#859,.T.);
#1133=ORIENTED_EDGE('',*,*,#859,.F.);
#1134=ORIENTED_EDGE('',*,*,#860,.F.);
#1135=ORIENTED_EDGE('',*,*,#861,.F.);
#1136=ORIENTED_EDGE('',*,*,#853,.F.);
#1137=ORIENTED_EDGE('',*,*,#846,.F.);
#1138=ORIENTED_EDGE('',*,*,#850,.T.);
#1139=ORIENTED_EDGE('',*,*,#862,.F.);
#1140=ORIENTED_EDGE('',*,*,#863,.F.);
#1141=ORIENTED_EDGE('',*,*,#864,.F.);
#1142=ORIENTED_EDGE('',*,*,#860,.T.);
#1143=ORIENTED_EDGE('',*,*,#858,.F.);
#1144=ORIENTED_EDGE('',*,*,#865,.F.);
#1145=ORIENTED_EDGE('',*,*,#866,.F.);
#1146=ORIENTED_EDGE('',*,*,#867,.F.);
#1147=ORIENTED_EDGE('',*,*,#868,.F.);
#1148=ORIENTED_EDGE('',*,*,#869,.F.);
#1149=ORIENTED_EDGE('',*,*,#870,.F.);
#1150=ORIENTED_EDGE('',*,*,#871,.F.);
#1151=ORIENTED_EDGE('',*,*,#872,.F.);
#1152=ORIENTED_EDGE('',*,*,#873,.F.);
#1153=ORIENTED_EDGE('',*,*,#854,.T.);
#1154=ORIENTED_EDGE('',*,*,#861,.T.);
#1155=ORIENTED_EDGE('',*,*,#864,.T.);
#1156=ORIENTED_EDGE('',*,*,#874,.T.);
#1157=ORIENTED_EDGE('',*,*,#874,.F.);
#1158=ORIENTED_EDGE('',*,*,#863,.T.);
#1159=ORIENTED_EDGE('',*,*,#875,.F.);
#1160=ORIENTED_EDGE('',*,*,#855,.F.);
#1161=ORIENTED_EDGE('',*,*,#856,.T.);
#1162=ORIENTED_EDGE('',*,*,#875,.T.);
#1163=ORIENTED_EDGE('',*,*,#862,.T.);
#1164=ORIENTED_EDGE('',*,*,#849,.T.);
#1165=ORIENTED_EDGE('',*,*,#876,.F.);
#1166=ORIENTED_EDGE('',*,*,#877,.T.);
#1167=ORIENTED_EDGE('',*,*,#866,.T.);
#1168=ORIENTED_EDGE('',*,*,#878,.T.);
#1169=ORIENTED_EDGE('',*,*,#877,.F.);
#1170=ORIENTED_EDGE('',*,*,#879,.F.);
#1171=ORIENTED_EDGE('',*,*,#880,.F.);
#1172=ORIENTED_EDGE('',*,*,#867,.T.);
#1173=ORIENTED_EDGE('',*,*,#881,.F.);
#1174=ORIENTED_EDGE('',*,*,#882,.T.);
#1175=ORIENTED_EDGE('',*,*,#868,.T.);
#1176=ORIENTED_EDGE('',*,*,#880,.T.);
#1177=ORIENTED_EDGE('',*,*,#882,.F.);
#1178=ORIENTED_EDGE('',*,*,#883,.F.);
#1179=ORIENTED_EDGE('',*,*,#884,.F.);
#1180=ORIENTED_EDGE('',*,*,#869,.T.);
#1181=ORIENTED_EDGE('',*,*,#885,.F.);
#1182=ORIENTED_EDGE('',*,*,#886,.T.);
#1183=ORIENTED_EDGE('',*,*,#870,.T.);
#1184=ORIENTED_EDGE('',*,*,#884,.T.);
#1185=ORIENTED_EDGE('',*,*,#876,.T.);
#1186=ORIENTED_EDGE('',*,*,#887,.T.);
#1187=ORIENTED_EDGE('',*,*,#888,.T.);
#1188=ORIENTED_EDGE('',*,*,#889,.T.);
#1189=ORIENTED_EDGE('',*,*,#885,.T.);
#1190=ORIENTED_EDGE('',*,*,#883,.T.);
#1191=ORIENTED_EDGE('',*,*,#881,.T.);
#1192=ORIENTED_EDGE('',*,*,#879,.T.);
#1193=ORIENTED_EDGE('',*,*,#719,.T.);
#1194=ORIENTED_EDGE('',*,*,#722,.T.);
#1195=ORIENTED_EDGE('',*,*,#725,.T.);
#1196=ORIENTED_EDGE('',*,*,#728,.T.);
#1197=ORIENTED_EDGE('',*,*,#731,.T.);
#1198=ORIENTED_EDGE('',*,*,#734,.T.);
#1199=ORIENTED_EDGE('',*,*,#737,.T.);
#1200=ORIENTED_EDGE('',*,*,#740,.T.);
#1201=ORIENTED_EDGE('',*,*,#743,.T.);
#1202=ORIENTED_EDGE('',*,*,#746,.T.);
#1203=ORIENTED_EDGE('',*,*,#749,.T.);
#1204=ORIENTED_EDGE('',*,*,#752,.T.);
#1205=ORIENTED_EDGE('',*,*,#755,.T.);
#1206=ORIENTED_EDGE('',*,*,#758,.T.);
#1207=ORIENTED_EDGE('',*,*,#761,.T.);
#1208=ORIENTED_EDGE('',*,*,#764,.T.);
#1209=ORIENTED_EDGE('',*,*,#767,.T.);
#1210=ORIENTED_EDGE('',*,*,#770,.T.);
#1211=ORIENTED_EDGE('',*,*,#773,.T.);
#1212=ORIENTED_EDGE('',*,*,#776,.T.);
#1213=ORIENTED_EDGE('',*,*,#779,.T.);
#1214=ORIENTED_EDGE('',*,*,#782,.T.);
#1215=ORIENTED_EDGE('',*,*,#785,.T.);
#1216=ORIENTED_EDGE('',*,*,#788,.T.);
#1217=ORIENTED_EDGE('',*,*,#791,.T.);
#1218=ORIENTED_EDGE('',*,*,#794,.T.);
#1219=ORIENTED_EDGE('',*,*,#797,.T.);
#1220=ORIENTED_EDGE('',*,*,#800,.T.);
#1221=ORIENTED_EDGE('',*,*,#803,.T.);
#1222=ORIENTED_EDGE('',*,*,#806,.T.);
#1223=ORIENTED_EDGE('',*,*,#809,.T.);
#1224=ORIENTED_EDGE('',*,*,#812,.T.);
#1225=ORIENTED_EDGE('',*,*,#815,.T.);
#1226=ORIENTED_EDGE('',*,*,#818,.T.);
#1227=ORIENTED_EDGE('',*,*,#821,.T.);
#1228=ORIENTED_EDGE('',*,*,#824,.T.);
#1229=ORIENTED_EDGE('',*,*,#843,.T.);
#1230=ORIENTED_EDGE('',*,*,#890,.T.);
#1231=ORIENTED_EDGE('',*,*,#891,.T.);
#1232=ORIENTED_EDGE('',*,*,#892,.T.);
#1233=ORIENTED_EDGE('',*,*,#893,.T.);
#1234=ORIENTED_EDGE('',*,*,#888,.F.);
#1235=ORIENTED_EDGE('',*,*,#894,.T.);
#1236=ORIENTED_EDGE('',*,*,#872,.T.);
#1237=ORIENTED_EDGE('',*,*,#895,.T.);
#1238=ORIENTED_EDGE('',*,*,#878,.F.);
#1239=ORIENTED_EDGE('',*,*,#873,.T.);
#1240=ORIENTED_EDGE('',*,*,#894,.F.);
#1241=ORIENTED_EDGE('',*,*,#887,.F.);
#1242=ORIENTED_EDGE('',*,*,#847,.F.);
#1243=ORIENTED_EDGE('',*,*,#865,.T.);
#1244=ORIENTED_EDGE('',*,*,#857,.F.);
#1245=ORIENTED_EDGE('',*,*,#851,.F.);
#1246=ORIENTED_EDGE('',*,*,#836,.T.);
#1247=ORIENTED_EDGE('',*,*,#896,.T.);
#1248=ORIENTED_EDGE('',*,*,#893,.F.);
#1249=ORIENTED_EDGE('',*,*,#896,.F.);
#1250=ORIENTED_EDGE('',*,*,#832,.T.);
#1251=ORIENTED_EDGE('',*,*,#897,.T.);
#1252=ORIENTED_EDGE('',*,*,#892,.F.);
#1253=ORIENTED_EDGE('',*,*,#897,.F.);
#1254=ORIENTED_EDGE('',*,*,#840,.T.);
#1255=ORIENTED_EDGE('',*,*,#898,.T.);
#1256=ORIENTED_EDGE('',*,*,#891,.F.);
#1257=ORIENTED_EDGE('',*,*,#898,.F.);
#1258=ORIENTED_EDGE('',*,*,#828,.T.);
#1259=ORIENTED_EDGE('',*,*,#899,.T.);
#1260=ORIENTED_EDGE('',*,*,#890,.F.);
#1261=ORIENTED_EDGE('',*,*,#899,.F.);
#1262=ORIENTED_EDGE('',*,*,#886,.F.);
#1263=ORIENTED_EDGE('',*,*,#889,.F.);
#1264=ORIENTED_EDGE('',*,*,#895,.F.);
#1265=ORIENTED_EDGE('',*,*,#871,.T.);
#1266=CYLINDRICAL_SURFACE('',#1402,1.5);
#1267=CYLINDRICAL_SURFACE('',#1405,1.5);
#1268=CYLINDRICAL_SURFACE('',#1408,1.5);
#1269=CYLINDRICAL_SURFACE('',#1411,1.5);
#1270=CYLINDRICAL_SURFACE('',#1414,1.5);
#1271=CYLINDRICAL_SURFACE('',#1417,1.5);
#1272=CYLINDRICAL_SURFACE('',#1420,1.5);
#1273=CYLINDRICAL_SURFACE('',#1423,1.5);
#1274=CYLINDRICAL_SURFACE('',#1426,1.5);
#1275=CYLINDRICAL_SURFACE('',#1429,1.5);
#1276=CYLINDRICAL_SURFACE('',#1432,1.5);
#1277=CYLINDRICAL_SURFACE('',#1435,1.5);
#1278=CYLINDRICAL_SURFACE('',#1438,1.5);
#1279=CYLINDRICAL_SURFACE('',#1441,1.5);
#1280=CYLINDRICAL_SURFACE('',#1444,1.5);
#1281=CYLINDRICAL_SURFACE('',#1447,1.5);
#1282=CYLINDRICAL_SURFACE('',#1450,1.5);
#1283=CYLINDRICAL_SURFACE('',#1453,1.5);
#1284=CYLINDRICAL_SURFACE('',#1456,1.5);
#1285=CYLINDRICAL_SURFACE('',#1459,1.5);
#1286=CYLINDRICAL_SURFACE('',#1462,1.5);
#1287=CYLINDRICAL_SURFACE('',#1465,1.5);
#1288=CYLINDRICAL_SURFACE('',#1468,1.5);
#1289=CYLINDRICAL_SURFACE('',#1471,1.5);
#1290=CYLINDRICAL_SURFACE('',#1474,1.5);
#1291=CYLINDRICAL_SURFACE('',#1477,1.5);
#1292=CYLINDRICAL_SURFACE('',#1480,1.5);
#1293=CYLINDRICAL_SURFACE('',#1483,1.5);
#1294=CYLINDRICAL_SURFACE('',#1486,1.5);
#1295=CYLINDRICAL_SURFACE('',#1489,1.5);
#1296=CYLINDRICAL_SURFACE('',#1492,1.5);
#1297=CYLINDRICAL_SURFACE('',#1495,1.5);
#1298=CYLINDRICAL_SURFACE('',#1498,1.5);
#1299=CYLINDRICAL_SURFACE('',#1501,1.5);
#1300=CYLINDRICAL_SURFACE('',#1504,1.5);
#1301=CYLINDRICAL_SURFACE('',#1507,1.5);
#1302=CYLINDRICAL_SURFACE('',#1510,2.5);
#1303=CYLINDRICAL_SURFACE('',#1515,2.5);
#1304=CYLINDRICAL_SURFACE('',#1520,2.5);
#1305=CYLINDRICAL_SURFACE('',#1525,2.5);
#1306=CYLINDRICAL_SURFACE('',#1530,1.5);
#1307=CYLINDRICAL_SURFACE('',#1533,6.);
#1308=CYLINDRICAL_SURFACE('',#1540,6.);
#1309=CYLINDRICAL_SURFACE('',#1542,65.);
#1310=CYLINDRICAL_SURFACE('',#1547,6.);
#1311=CYLINDRICAL_SURFACE('',#1549,6.);
#1312=CYLINDRICAL_SURFACE('',#1550,4.5);
#1313=CYLINDRICAL_SURFACE('',#1553,4.5);
#1314=CYLINDRICAL_SURFACE('',#1556,4.5);
#1315=CYLINDRICAL_SURFACE('',#1564,4.5);
#1316=CYLINDRICAL_SURFACE('',#1567,1.632);
#1317=CYLINDRICAL_SURFACE('',#1568,1.632);
#1318=CYLINDRICAL_SURFACE('',#1569,1.632);
#1319=CYLINDRICAL_SURFACE('',#1570,1.632);
#1320=ADVANCED_FACE('',(#124),#1266,.F.);
#1321=ADVANCED_FACE('',(#125),#1267,.F.);
#1322=ADVANCED_FACE('',(#126),#1268,.F.);
#1323=ADVANCED_FACE('',(#127),#1269,.F.);
#1324=ADVANCED_FACE('',(#128),#1270,.F.);
#1325=ADVANCED_FACE('',(#129),#1271,.F.);
#1326=ADVANCED_FACE('',(#130),#1272,.F.);
#1327=ADVANCED_FACE('',(#131),#1273,.F.);
#1328=ADVANCED_FACE('',(#132),#1274,.F.);
#1329=ADVANCED_FACE('',(#133),#1275,.F.);
#1330=ADVANCED_FACE('',(#134),#1276,.F.);
#1331=ADVANCED_FACE('',(#135),#1277,.F.);
#1332=ADVANCED_FACE('',(#136),#1278,.F.);
#1333=ADVANCED_FACE('',(#137),#1279,.F.);
#1334=ADVANCED_FACE('',(#138),#1280,.F.);
#1335=ADVANCED_FACE('',(#139),#1281,.F.);
#1336=ADVANCED_FACE('',(#140),#1282,.F.);
#1337=ADVANCED_FACE('',(#141),#1283,.F.);
#1338=ADVANCED_FACE('',(#142),#1284,.F.);
#1339=ADVANCED_FACE('',(#143),#1285,.F.);
#1340=ADVANCED_FACE('',(#144),#1286,.F.);
#1341=ADVANCED_FACE('',(#145),#1287,.F.);
#1342=ADVANCED_FACE('',(#146),#1288,.F.);
#1343=ADVANCED_FACE('',(#147),#1289,.F.);
#1344=ADVANCED_FACE('',(#148),#1290,.F.);
#1345=ADVANCED_FACE('',(#149),#1291,.F.);
#1346=ADVANCED_FACE('',(#150),#1292,.F.);
#1347=ADVANCED_FACE('',(#151),#1293,.F.);
#1348=ADVANCED_FACE('',(#152),#1294,.F.);
#1349=ADVANCED_FACE('',(#153),#1295,.F.);
#1350=ADVANCED_FACE('',(#154),#1296,.F.);
#1351=ADVANCED_FACE('',(#155),#1297,.F.);
#1352=ADVANCED_FACE('',(#156),#1298,.F.);
#1353=ADVANCED_FACE('',(#157),#1299,.F.);
#1354=ADVANCED_FACE('',(#158),#1300,.F.);
#1355=ADVANCED_FACE('',(#159),#1301,.F.);
#1356=ADVANCED_FACE('',(#160),#1302,.F.);
#1357=ADVANCED_FACE('',(#161,#23),#110,.T.);
#1358=ADVANCED_FACE('',(#162),#1303,.F.);
#1359=ADVANCED_FACE('',(#163,#24),#111,.T.);
#1360=ADVANCED_FACE('',(#164),#1304,.F.);
#1361=ADVANCED_FACE('',(#165,#25),#112,.T.);
#1362=ADVANCED_FACE('',(#166),#1305,.F.);
#1363=ADVANCED_FACE('',(#167,#26),#113,.T.);
#1364=ADVANCED_FACE('',(#168),#1306,.F.);
#1365=ADVANCED_FACE('',(#169),#1307,.T.);
#1366=ADVANCED_FACE('',(#170),#114,.T.);
#1367=ADVANCED_FACE('',(#171,#27,#28,#29,#30,#31,#32,#33,#34,#35,#36,#37,
#38,#39,#40,#41,#42,#43,#44,#45,#46,#47,#48,#49,#50,#51,#52,#53,#54,#55,
#56,#57,#58,#59,#60,#61,#62,#63,#64,#65,#66,#67),#115,.T.);
#1368=ADVANCED_FACE('',(#172),#1308,.T.);
#1369=ADVANCED_FACE('',(#173),#116,.T.);
#1370=ADVANCED_FACE('',(#174,#68),#1309,.F.);
#1371=ADVANCED_FACE('',(#175),#1310,.T.);
#1372=ADVANCED_FACE('',(#176),#117,.T.);
#1373=ADVANCED_FACE('',(#177),#1311,.T.);
#1374=ADVANCED_FACE('',(#178),#1312,.F.);
#1375=ADVANCED_FACE('',(#179),#118,.T.);
#1376=ADVANCED_FACE('',(#180),#1313,.F.);
#1377=ADVANCED_FACE('',(#181),#119,.T.);
#1378=ADVANCED_FACE('',(#182),#1314,.F.);
#1379=ADVANCED_FACE('',(#183,#69,#70,#71,#72,#73,#74,#75,#76,#77,#78,#79,
#80,#81,#82,#83,#84,#85,#86,#87,#88,#89,#90,#91,#92,#93,#94,#95,#96,#97,
#98,#99,#100,#101,#102,#103,#104,#105,#106,#107,#108,#109),#120,.F.);
#1380=ADVANCED_FACE('',(#184),#1315,.F.);
#1381=ADVANCED_FACE('',(#185),#121,.T.);
#1382=ADVANCED_FACE('',(#186),#122,.T.);
#1383=ADVANCED_FACE('',(#187),#1316,.F.);
#1384=ADVANCED_FACE('',(#188),#1317,.F.);
#1385=ADVANCED_FACE('',(#189),#1318,.F.);
#1386=ADVANCED_FACE('',(#190),#1319,.F.);
#1387=ADVANCED_FACE('',(#191),#123,.T.);
#1388=CLOSED_SHELL('',(#1320,#1321,#1322,#1323,#1324,#1325,#1326,#1327,
#1328,#1329,#1330,#1331,#1332,#1333,#1334,#1335,#1336,#1337,#1338,#1339,
#1340,#1341,#1342,#1343,#1344,#1345,#1346,#1347,#1348,#1349,#1350,#1351,
#1352,#1353,#1354,#1355,#1356,#1357,#1358,#1359,#1360,#1361,#1362,#1363,
#1364,#1365,#1366,#1367,#1368,#1369,#1370,#1371,#1372,#1373,#1374,#1375,
#1376,#1377,#1378,#1379,#1380,#1381,#1382,#1383,#1384,#1385,#1386,#1387));
#1389=DERIVED_UNIT_ELEMENT(#1391,1.);
#1390=DERIVED_UNIT_ELEMENT(#2438,-3.);
#1391=(
MASS_UNIT()
NAMED_UNIT(*)
SI_UNIT(.KILO.,.GRAM.)
);
#1392=DERIVED_UNIT((#1389,#1390));
#1393=MEASURE_REPRESENTATION_ITEM('density measure',
POSITIVE_RATIO_MEASURE(7850.),#1392);
#1394=PROPERTY_DEFINITION_REPRESENTATION(#1399,#1396);
#1395=PROPERTY_DEFINITION_REPRESENTATION(#1400,#1397);
#1396=REPRESENTATION('material name',(#1398),#2435);
#1397=REPRESENTATION('density',(#1393),#2435);
#1398=DESCRIPTIVE_REPRESENTATION_ITEM('Steel','Steel');
#1399=PROPERTY_DEFINITION('material property','material name',#2445);
#1400=PROPERTY_DEFINITION('material property','density of part',#2445);
#1401=AXIS2_PLACEMENT_3D('',#1987,#1572,#1573);
#1402=AXIS2_PLACEMENT_3D('',#1988,#1574,#1575);
#1403=AXIS2_PLACEMENT_3D('',#1990,#1576,#1577);
#1404=AXIS2_PLACEMENT_3D('',#1993,#1579,#1580);
#1405=AXIS2_PLACEMENT_3D('',#1994,#1581,#1582);
#1406=AXIS2_PLACEMENT_3D('',#1996,#1583,#1584);
#1407=AXIS2_PLACEMENT_3D('',#1999,#1586,#1587);
#1408=AXIS2_PLACEMENT_3D('',#2000,#1588,#1589);
#1409=AXIS2_PLACEMENT_3D('',#2002,#1590,#1591);
#1410=AXIS2_PLACEMENT_3D('',#2005,#1593,#1594);
#1411=AXIS2_PLACEMENT_3D('',#2006,#1595,#1596);
#1412=AXIS2_PLACEMENT_3D('',#2008,#1597,#1598);
#1413=AXIS2_PLACEMENT_3D('',#2011,#1600,#1601);
#1414=AXIS2_PLACEMENT_3D('',#2012,#1602,#1603);
#1415=AXIS2_PLACEMENT_3D('',#2014,#1604,#1605);
#1416=AXIS2_PLACEMENT_3D('',#2017,#1607,#1608);
#1417=AXIS2_PLACEMENT_3D('',#2018,#1609,#1610);
#1418=AXIS2_PLACEMENT_3D('',#2020,#1611,#1612);
#1419=AXIS2_PLACEMENT_3D('',#2023,#1614,#1615);
#1420=AXIS2_PLACEMENT_3D('',#2024,#1616,#1617);
#1421=AXIS2_PLACEMENT_3D('',#2026,#1618,#1619);
#1422=AXIS2_PLACEMENT_3D('',#2029,#1621,#1622);
#1423=AXIS2_PLACEMENT_3D('',#2030,#1623,#1624);
#1424=AXIS2_PLACEMENT_3D('',#2032,#1625,#1626);
#1425=AXIS2_PLACEMENT_3D('',#2035,#1628,#1629);
#1426=AXIS2_PLACEMENT_3D('',#2036,#1630,#1631);
#1427=AXIS2_PLACEMENT_3D('',#2038,#1632,#1633);
#1428=AXIS2_PLACEMENT_3D('',#2041,#1635,#1636);
#1429=AXIS2_PLACEMENT_3D('',#2042,#1637,#1638);
#1430=AXIS2_PLACEMENT_3D('',#2044,#1639,#1640);
#1431=AXIS2_PLACEMENT_3D('',#2047,#1642,#1643);
#1432=AXIS2_PLACEMENT_3D('',#2048,#1644,#1645);
#1433=AXIS2_PLACEMENT_3D('',#2050,#1646,#1647);
#1434=AXIS2_PLACEMENT_3D('',#2053,#1649,#1650);
#1435=AXIS2_PLACEMENT_3D('',#2054,#1651,#1652);
#1436=AXIS2_PLACEMENT_3D('',#2056,#1653,#1654);
#1437=AXIS2_PLACEMENT_3D('',#2059,#1656,#1657);
#1438=AXIS2_PLACEMENT_3D('',#2060,#1658,#1659);
#1439=AXIS2_PLACEMENT_3D('',#2062,#1660,#1661);
#1440=AXIS2_PLACEMENT_3D('',#2065,#1663,#1664);
#1441=AXIS2_PLACEMENT_3D('',#2066,#1665,#1666);
#1442=AXIS2_PLACEMENT_3D('',#2068,#1667,#1668);
#1443=AXIS2_PLACEMENT_3D('',#2071,#1670,#1671);
#1444=AXIS2_PLACEMENT_3D('',#2072,#1672,#1673);
#1445=AXIS2_PLACEMENT_3D('',#2074,#1674,#1675);
#1446=AXIS2_PLACEMENT_3D('',#2077,#1677,#1678);
#1447=AXIS2_PLACEMENT_3D('',#2078,#1679,#1680);
#1448=AXIS2_PLACEMENT_3D('',#2080,#1681,#1682);
#1449=AXIS2_PLACEMENT_3D('',#2083,#1684,#1685);
#1450=AXIS2_PLACEMENT_3D('',#2084,#1686,#1687);
#1451=AXIS2_PLACEMENT_3D('',#2086,#1688,#1689);
#1452=AXIS2_PLACEMENT_3D('',#2089,#1691,#1692);
#1453=AXIS2_PLACEMENT_3D('',#2090,#1693,#1694);
#1454=AXIS2_PLACEMENT_3D('',#2092,#1695,#1696);
#1455=AXIS2_PLACEMENT_3D('',#2095,#1698,#1699);
#1456=AXIS2_PLACEMENT_3D('',#2096,#1700,#1701);
#1457=AXIS2_PLACEMENT_3D('',#2098,#1702,#1703);
#1458=AXIS2_PLACEMENT_3D('',#2101,#1705,#1706);
#1459=AXIS2_PLACEMENT_3D('',#2102,#1707,#1708);
#1460=AXIS2_PLACEMENT_3D('',#2104,#1709,#1710);
#1461=AXIS2_PLACEMENT_3D('',#2107,#1712,#1713);
#1462=AXIS2_PLACEMENT_3D('',#2108,#1714,#1715);
#1463=AXIS2_PLACEMENT_3D('',#2110,#1716,#1717);
#1464=AXIS2_PLACEMENT_3D('',#2113,#1719,#1720);
#1465=AXIS2_PLACEMENT_3D('',#2114,#1721,#1722);
#1466=AXIS2_PLACEMENT_3D('',#2116,#1723,#1724);
#1467=AXIS2_PLACEMENT_3D('',#2119,#1726,#1727);
#1468=AXIS2_PLACEMENT_3D('',#2120,#1728,#1729);
#1469=AXIS2_PLACEMENT_3D('',#2122,#1730,#1731);
#1470=AXIS2_PLACEMENT_3D('',#2125,#1733,#1734);
#1471=AXIS2_PLACEMENT_3D('',#2126,#1735,#1736);
#1472=AXIS2_PLACEMENT_3D('',#2128,#1737,#1738);
#1473=AXIS2_PLACEMENT_3D('',#2131,#1740,#1741);
#1474=AXIS2_PLACEMENT_3D('',#2132,#1742,#1743);
#1475=AXIS2_PLACEMENT_3D('',#2134,#1744,#1745);
#1476=AXIS2_PLACEMENT_3D('',#2137,#1747,#1748);
#1477=AXIS2_PLACEMENT_3D('',#2138,#1749,#1750);
#1478=AXIS2_PLACEMENT_3D('',#2140,#1751,#1752);
#1479=AXIS2_PLACEMENT_3D('',#2143,#1754,#1755);
#1480=AXIS2_PLACEMENT_3D('',#2144,#1756,#1757);
#1481=AXIS2_PLACEMENT_3D('',#2146,#1758,#1759);
#1482=AXIS2_PLACEMENT_3D('',#2149,#1761,#1762);
#1483=AXIS2_PLACEMENT_3D('',#2150,#1763,#1764);
#1484=AXIS2_PLACEMENT_3D('',#2152,#1765,#1766);
#1485=AXIS2_PLACEMENT_3D('',#2155,#1768,#1769);
#1486=AXIS2_PLACEMENT_3D('',#2156,#1770,#1771);
#1487=AXIS2_PLACEMENT_3D('',#2158,#1772,#1773);
#1488=AXIS2_PLACEMENT_3D('',#2161,#1775,#1776);
#1489=AXIS2_PLACEMENT_3D('',#2162,#1777,#1778);
#1490=AXIS2_PLACEMENT_3D('',#2164,#1779,#1780);
#1491=AXIS2_PLACEMENT_3D('',#2167,#1782,#1783);
#1492=AXIS2_PLACEMENT_3D('',#2168,#1784,#1785);
#1493=AXIS2_PLACEMENT_3D('',#2170,#1786,#1787);
#1494=AXIS2_PLACEMENT_3D('',#2173,#1789,#1790);
#1495=AXIS2_PLACEMENT_3D('',#2174,#1791,#1792);
#1496=AXIS2_PLACEMENT_3D('',#2176,#1793,#1794);
#1497=AXIS2_PLACEMENT_3D('',#2179,#1796,#1797);
#1498=AXIS2_PLACEMENT_3D('',#2180,#1798,#1799);
#1499=AXIS2_PLACEMENT_3D('',#2182,#1800,#1801);
#1500=AXIS2_PLACEMENT_3D('',#2185,#1803,#1804);
#1501=AXIS2_PLACEMENT_3D('',#2186,#1805,#1806);
#1502=AXIS2_PLACEMENT_3D('',#2188,#1807,#1808);
#1503=AXIS2_PLACEMENT_3D('',#2191,#1810,#1811);
#1504=AXIS2_PLACEMENT_3D('',#2192,#1812,#1813);
#1505=AXIS2_PLACEMENT_3D('',#2194,#1814,#1815);
#1506=AXIS2_PLACEMENT_3D('',#2197,#1817,#1818);
#1507=AXIS2_PLACEMENT_3D('',#2198,#1819,#1820);
#1508=AXIS2_PLACEMENT_3D('',#2200,#1821,#1822);
#1509=AXIS2_PLACEMENT_3D('',#2203,#1824,#1825);
#1510=AXIS2_PLACEMENT_3D('',#2204,#1826,#1827);
#1511=AXIS2_PLACEMENT_3D('',#2206,#1828,#1829);
#1512=AXIS2_PLACEMENT_3D('',#2209,#1831,#1832);
#1513=AXIS2_PLACEMENT_3D('',#2210,#1833,#1834);
#1514=AXIS2_PLACEMENT_3D('',#2212,#1835,#1836);
#1515=AXIS2_PLACEMENT_3D('',#2213,#1837,#1838);
#1516=AXIS2_PLACEMENT_3D('',#2215,#1839,#1840);
#1517=AXIS2_PLACEMENT_3D('',#2218,#1842,#1843);
#1518=AXIS2_PLACEMENT_3D('',#2219,#1844,#1845);
#1519=AXIS2_PLACEMENT_3D('',#2221,#1846,#1847);
#1520=AXIS2_PLACEMENT_3D('',#2222,#1848,#1849);
#1521=AXIS2_PLACEMENT_3D('',#2224,#1850,#1851);
#1522=AXIS2_PLACEMENT_3D('',#2227,#1853,#1854);
#1523=AXIS2_PLACEMENT_3D('',#2228,#1855,#1856);
#1524=AXIS2_PLACEMENT_3D('',#2230,#1857,#1858);
#1525=AXIS2_PLACEMENT_3D('',#2231,#1859,#1860);
#1526=AXIS2_PLACEMENT_3D('',#2233,#1861,#1862);
#1527=AXIS2_PLACEMENT_3D('',#2236,#1864,#1865);
#1528=AXIS2_PLACEMENT_3D('',#2237,#1866,#1867);
#1529=AXIS2_PLACEMENT_3D('',#2239,#1868,#1869);
#1530=AXIS2_PLACEMENT_3D('',#2240,#1870,#1871);
#1531=AXIS2_PLACEMENT_3D('',#2242,#1872,#1873);
#1532=AXIS2_PLACEMENT_3D('',#2245,#1875,#1876);
#1533=AXIS2_PLACEMENT_3D('',#2246,#1877,#1878);
#1534=AXIS2_PLACEMENT_3D('',#2249,#1879,#1880);
#1535=AXIS2_PLACEMENT_3D('',#2264,#1883,#1884);
#1536=AXIS2_PLACEMENT_3D('',#2270,#1888,#1889);
#1537=AXIS2_PLACEMENT_3D('',#2274,#1891,#1892);
#1538=AXIS2_PLACEMENT_3D('',#2278,#1894,#1895);
#1539=AXIS2_PLACEMENT_3D('',#2281,#1897,#1898);
#1540=AXIS2_PLACEMENT_3D('',#2282,#1899,#1900);
#1541=AXIS2_PLACEMENT_3D('',#2297,#1903,#1904);
#1542=AXIS2_PLACEMENT_3D('',#2301,#1907,#1908);
#1543=AXIS2_PLACEMENT_3D('',#2314,#1909,#1910);
#1544=AXIS2_PLACEMENT_3D('',#2325,#1911,#1912);
#1545=AXIS2_PLACEMENT_3D('',#2339,#1913,#1914);
#1546=AXIS2_PLACEMENT_3D('',#2365,#1916,#1917);
#1547=AXIS2_PLACEMENT_3D('',#2378,#1919,#1920);
#1548=AXIS2_PLACEMENT_3D('',#2380,#1922,#1923);
#1549=AXIS2_PLACEMENT_3D('',#2382,#1925,#1926);
#1550=AXIS2_PLACEMENT_3D('',#2383,#1927,#1928);
#1551=AXIS2_PLACEMENT_3D('',#2386,#1929,#1930);
#1552=AXIS2_PLACEMENT_3D('',#2389,#1933,#1934);
#1553=AXIS2_PLACEMENT_3D('',#2393,#1937,#1938);
#1554=AXIS2_PLACEMENT_3D('',#2395,#1939,#1940);
#1555=AXIS2_PLACEMENT_3D('',#2397,#1942,#1943);
#1556=AXIS2_PLACEMENT_3D('',#2401,#1946,#1947);
#1557=AXIS2_PLACEMENT_3D('',#2403,#1948,#1949);
#1558=AXIS2_PLACEMENT_3D('',#2405,#1951,#1952);
#1559=AXIS2_PLACEMENT_3D('',#2409,#1954,#1955);
#1560=AXIS2_PLACEMENT_3D('',#2412,#1957,#1958);
#1561=AXIS2_PLACEMENT_3D('',#2414,#1959,#1960);
#1562=AXIS2_PLACEMENT_3D('',#2416,#1961,#1962);
#1563=AXIS2_PLACEMENT_3D('',#2418,#1963,#1964);
#1564=AXIS2_PLACEMENT_3D('',#2419,#1965,#1966);
#1565=AXIS2_PLACEMENT_3D('',#2422,#1969,#1970);
#1566=AXIS2_PLACEMENT_3D('',#2423,#1971,#1972);
#1567=AXIS2_PLACEMENT_3D('',#2424,#1973,#1974);
#1568=AXIS2_PLACEMENT_3D('',#2426,#1976,#1977);
#1569=AXIS2_PLACEMENT_3D('',#2428,#1979,#1980);
#1570=AXIS2_PLACEMENT_3D('',#2430,#1982,#1983);
#1571=AXIS2_PLACEMENT_3D('',#2432,#1985,#1986);
#1572=DIRECTION('axis',(0.,0.,1.));
#1573=DIRECTION('refdir',(1.,0.,0.));
#1574=DIRECTION('center_axis',(0.,-1.,0.));
#1575=DIRECTION('ref_axis',(-1.,0.,0.));
#1576=DIRECTION('center_axis',(0.,-1.,0.));
#1577=DIRECTION('ref_axis',(-1.,0.,0.));
#1578=DIRECTION('',(0.,-1.,0.));
#1579=DIRECTION('center_axis',(0.,1.,0.));
#1580=DIRECTION('ref_axis',(-1.,0.,0.));
#1581=DIRECTION('center_axis',(0.,-1.,0.));
#1582=DIRECTION('ref_axis',(-1.,0.,0.));
#1583=DIRECTION('center_axis',(0.,-1.,0.));
#1584=DIRECTION('ref_axis',(-1.,0.,0.));
#1585=DIRECTION('',(0.,-1.,0.));
#1586=DIRECTION('center_axis',(0.,1.,0.));
#1587=DIRECTION('ref_axis',(-1.,0.,0.));
#1588=DIRECTION('center_axis',(0.,-1.,0.));
#1589=DIRECTION('ref_axis',(-1.,0.,0.));
#1590=DIRECTION('center_axis',(0.,-1.,0.));
#1591=DIRECTION('ref_axis',(-1.,0.,0.));
#1592=DIRECTION('',(0.,-1.,0.));
#1593=DIRECTION('center_axis',(0.,1.,0.));
#1594=DIRECTION('ref_axis',(-1.,0.,0.));
#1595=DIRECTION('center_axis',(0.,-1.,0.));
#1596=DIRECTION('ref_axis',(-1.,0.,0.));
#1597=DIRECTION('center_axis',(0.,-1.,0.));
#1598=DIRECTION('ref_axis',(-1.,0.,0.));
#1599=DIRECTION('',(0.,-1.,0.));
#1600=DIRECTION('center_axis',(0.,1.,0.));
#1601=DIRECTION('ref_axis',(-1.,0.,0.));
#1602=DIRECTION('center_axis',(0.,-1.,0.));
#1603=DIRECTION('ref_axis',(-1.,0.,0.));
#1604=DIRECTION('center_axis',(0.,-1.,0.));
#1605=DIRECTION('ref_axis',(-1.,0.,0.));
#1606=DIRECTION('',(0.,-1.,0.));
#1607=DIRECTION('center_axis',(0.,1.,0.));
#1608=DIRECTION('ref_axis',(-1.,0.,0.));
#1609=DIRECTION('center_axis',(0.,-1.,0.));
#1610=DIRECTION('ref_axis',(-1.,0.,0.));
#1611=DIRECTION('center_axis',(0.,-1.,0.));
#1612=DIRECTION('ref_axis',(-1.,0.,0.));
#1613=DIRECTION('',(0.,-1.,0.));
#1614=DIRECTION('center_axis',(0.,1.,0.));
#1615=DIRECTION('ref_axis',(-1.,0.,0.));
#1616=DIRECTION('center_axis',(0.,-1.,0.));
#1617=DIRECTION('ref_axis',(-1.,0.,0.));
#1618=DIRECTION('center_axis',(0.,-1.,0.));
#1619=DIRECTION('ref_axis',(-1.,0.,0.));
#1620=DIRECTION('',(0.,-1.,0.));
#1621=DIRECTION('center_axis',(0.,1.,0.));
#1622=DIRECTION('ref_axis',(-1.,0.,0.));
#1623=DIRECTION('center_axis',(0.,-1.,0.));
#1624=DIRECTION('ref_axis',(-1.,0.,0.));
#1625=DIRECTION('center_axis',(0.,-1.,0.));
#1626=DIRECTION('ref_axis',(-1.,0.,0.));
#1627=DIRECTION('',(0.,-1.,0.));
#1628=DIRECTION('center_axis',(0.,1.,0.));
#1629=DIRECTION('ref_axis',(-1.,0.,0.));
#1630=DIRECTION('center_axis',(0.,-1.,0.));
#1631=DIRECTION('ref_axis',(-1.,0.,0.));
#1632=DIRECTION('center_axis',(0.,-1.,0.));
#1633=DIRECTION('ref_axis',(-1.,0.,0.));
#1634=DIRECTION('',(0.,-1.,0.));
#1635=DIRECTION('center_axis',(0.,1.,0.));
#1636=DIRECTION('ref_axis',(-1.,0.,0.));
#1637=DIRECTION('center_axis',(0.,-1.,0.));
#1638=DIRECTION('ref_axis',(-1.,0.,0.));
#1639=DIRECTION('center_axis',(0.,-1.,0.));
#1640=DIRECTION('ref_axis',(-1.,0.,0.));
#1641=DIRECTION('',(0.,-1.,0.));
#1642=DIRECTION('center_axis',(0.,1.,0.));
#1643=DIRECTION('ref_axis',(-1.,0.,0.));
#1644=DIRECTION('center_axis',(0.,-1.,0.));
#1645=DIRECTION('ref_axis',(-1.,0.,0.));
#1646=DIRECTION('center_axis',(0.,-1.,0.));
#1647=DIRECTION('ref_axis',(-1.,0.,0.));
#1648=DIRECTION('',(0.,-1.,0.));
#1649=DIRECTION('center_axis',(0.,1.,0.));
#1650=DIRECTION('ref_axis',(-1.,0.,0.));
#1651=DIRECTION('center_axis',(0.,-1.,0.));
#1652=DIRECTION('ref_axis',(-1.,0.,0.));
#1653=DIRECTION('center_axis',(0.,-1.,0.));
#1654=DIRECTION('ref_axis',(-1.,0.,0.));
#1655=DIRECTION('',(0.,-1.,0.));
#1656=DIRECTION('center_axis',(0.,1.,0.));
#1657=DIRECTION('ref_axis',(-1.,0.,0.));
#1658=DIRECTION('center_axis',(0.,-1.,0.));
#1659=DIRECTION('ref_axis',(-1.,0.,0.));
#1660=DIRECTION('center_axis',(0.,-1.,0.));
#1661=DIRECTION('ref_axis',(-1.,0.,0.));
#1662=DIRECTION('',(0.,-1.,0.));
#1663=DIRECTION('center_axis',(0.,1.,0.));
#1664=DIRECTION('ref_axis',(-1.,0.,0.));
#1665=DIRECTION('center_axis',(0.,-1.,0.));
#1666=DIRECTION('ref_axis',(-1.,0.,0.));
#1667=DIRECTION('center_axis',(0.,-1.,0.));
#1668=DIRECTION('ref_axis',(-1.,0.,0.));
#1669=DIRECTION('',(0.,-1.,0.));
#1670=DIRECTION('center_axis',(0.,1.,0.));
#1671=DIRECTION('ref_axis',(-1.,0.,0.));
#1672=DIRECTION('center_axis',(0.,-1.,0.));
#1673=DIRECTION('ref_axis',(-1.,0.,0.));
#1674=DIRECTION('center_axis',(0.,-1.,0.));
#1675=DIRECTION('ref_axis',(-1.,0.,0.));
#1676=DIRECTION('',(0.,-1.,0.));
#1677=DIRECTION('center_axis',(0.,1.,0.));
#1678=DIRECTION('ref_axis',(-1.,0.,0.));
#1679=DIRECTION('center_axis',(0.,-1.,0.));
#1680=DIRECTION('ref_axis',(-1.,0.,0.));
#1681=DIRECTION('center_axis',(0.,-1.,0.));
#1682=DIRECTION('ref_axis',(-1.,0.,0.));
#1683=DIRECTION('',(0.,-1.,0.));
#1684=DIRECTION('center_axis',(0.,1.,0.));
#1685=DIRECTION('ref_axis',(-1.,0.,0.));
#1686=DIRECTION('center_axis',(0.,-1.,0.));
#1687=DIRECTION('ref_axis',(-1.,0.,0.));
#1688=DIRECTION('center_axis',(0.,-1.,0.));
#1689=DIRECTION('ref_axis',(-1.,0.,0.));
#1690=DIRECTION('',(0.,-1.,0.));
#1691=DIRECTION('center_axis',(0.,1.,0.));
#1692=DIRECTION('ref_axis',(-1.,0.,0.));
#1693=DIRECTION('center_axis',(0.,-1.,0.));
#1694=DIRECTION('ref_axis',(-1.,0.,0.));
#1695=DIRECTION('center_axis',(0.,-1.,0.));
#1696=DIRECTION('ref_axis',(-1.,0.,0.));
#1697=DIRECTION('',(0.,-1.,0.));
#1698=DIRECTION('center_axis',(0.,1.,0.));
#1699=DIRECTION('ref_axis',(-1.,0.,0.));
#1700=DIRECTION('center_axis',(0.,-1.,0.));
#1701=DIRECTION('ref_axis',(-1.,0.,0.));
#1702=DIRECTION('center_axis',(0.,-1.,0.));
#1703=DIRECTION('ref_axis',(-1.,0.,0.));
#1704=DIRECTION('',(0.,-1.,0.));
#1705=DIRECTION('center_axis',(0.,1.,0.));
#1706=DIRECTION('ref_axis',(-1.,0.,0.));
#1707=DIRECTION('center_axis',(0.,-1.,0.));
#1708=DIRECTION('ref_axis',(-1.,0.,0.));
#1709=DIRECTION('center_axis',(0.,-1.,0.));
#1710=DIRECTION('ref_axis',(-1.,0.,0.));
#1711=DIRECTION('',(0.,-1.,0.));
#1712=DIRECTION('center_axis',(0.,1.,0.));
#1713=DIRECTION('ref_axis',(-1.,0.,0.));
#1714=DIRECTION('center_axis',(0.,-1.,0.));
#1715=DIRECTION('ref_axis',(-1.,0.,0.));
#1716=DIRECTION('center_axis',(0.,-1.,0.));
#1717=DIRECTION('ref_axis',(-1.,0.,0.));
#1718=DIRECTION('',(0.,-1.,0.));
#1719=DIRECTION('center_axis',(0.,1.,0.));
#1720=DIRECTION('ref_axis',(-1.,0.,0.));
#1721=DIRECTION('center_axis',(0.,-1.,0.));
#1722=DIRECTION('ref_axis',(-1.,0.,0.));
#1723=DIRECTION('center_axis',(0.,-1.,0.));
#1724=DIRECTION('ref_axis',(-1.,0.,0.));
#1725=DIRECTION('',(0.,-1.,0.));
#1726=DIRECTION('center_axis',(0.,1.,0.));
#1727=DIRECTION('ref_axis',(-1.,0.,0.));
#1728=DIRECTION('center_axis',(0.,-1.,0.));
#1729=DIRECTION('ref_axis',(-1.,0.,0.));
#1730=DIRECTION('center_axis',(0.,-1.,0.));
#1731=DIRECTION('ref_axis',(-1.,0.,0.));
#1732=DIRECTION('',(0.,-1.,0.));
#1733=DIRECTION('center_axis',(0.,1.,0.));
#1734=DIRECTION('ref_axis',(-1.,0.,0.));
#1735=DIRECTION('center_axis',(0.,-1.,0.));
#1736=DIRECTION('ref_axis',(-1.,0.,0.));
#1737=DIRECTION('center_axis',(0.,-1.,0.));
#1738=DIRECTION('ref_axis',(-1.,0.,0.));
#1739=DIRECTION('',(0.,-1.,0.));
#1740=DIRECTION('center_axis',(0.,1.,0.));
#1741=DIRECTION('ref_axis',(-1.,0.,0.));
#1742=DIRECTION('center_axis',(0.,-1.,0.));
#1743=DIRECTION('ref_axis',(-1.,0.,0.));
#1744=DIRECTION('center_axis',(0.,-1.,0.));
#1745=DIRECTION('ref_axis',(-1.,0.,0.));
#1746=DIRECTION('',(0.,-1.,0.));
#1747=DIRECTION('center_axis',(0.,1.,0.));
#1748=DIRECTION('ref_axis',(-1.,0.,0.));
#1749=DIRECTION('center_axis',(0.,-1.,0.));
#1750=DIRECTION('ref_axis',(-1.,0.,0.));
#1751=DIRECTION('center_axis',(0.,-1.,0.));
#1752=DIRECTION('ref_axis',(-1.,0.,0.));
#1753=DIRECTION('',(0.,-1.,0.));
#1754=DIRECTION('center_axis',(0.,1.,0.));
#1755=DIRECTION('ref_axis',(-1.,0.,0.));
#1756=DIRECTION('center_axis',(0.,-1.,0.));
#1757=DIRECTION('ref_axis',(-1.,0.,0.));
#1758=DIRECTION('center_axis',(0.,-1.,0.));
#1759=DIRECTION('ref_axis',(-1.,0.,0.));
#1760=DIRECTION('',(0.,-1.,0.));
#1761=DIRECTION('center_axis',(0.,1.,0.));
#1762=DIRECTION('ref_axis',(-1.,0.,0.));
#1763=DIRECTION('center_axis',(0.,-1.,0.));
#1764=DIRECTION('ref_axis',(-1.,0.,0.));
#1765=DIRECTION('center_axis',(0.,-1.,0.));
#1766=DIRECTION('ref_axis',(-1.,0.,0.));
#1767=DIRECTION('',(0.,-1.,0.));
#1768=DIRECTION('center_axis',(0.,1.,0.));
#1769=DIRECTION('ref_axis',(-1.,0.,0.));
#1770=DIRECTION('center_axis',(0.,-1.,0.));
#1771=DIRECTION('ref_axis',(-1.,0.,0.));
#1772=DIRECTION('center_axis',(0.,-1.,0.));
#1773=DIRECTION('ref_axis',(-1.,0.,0.));
#1774=DIRECTION('',(0.,-1.,0.));
#1775=DIRECTION('center_axis',(0.,1.,0.));
#1776=DIRECTION('ref_axis',(-1.,0.,0.));
#1777=DIRECTION('center_axis',(0.,-1.,0.));
#1778=DIRECTION('ref_axis',(-1.,0.,0.));
#1779=DIRECTION('center_axis',(0.,-1.,0.));
#1780=DIRECTION('ref_axis',(-1.,0.,0.));
#1781=DIRECTION('',(0.,-1.,0.));
#1782=DIRECTION('center_axis',(0.,1.,0.));
#1783=DIRECTION('ref_axis',(-1.,0.,0.));
#1784=DIRECTION('center_axis',(0.,-1.,0.));
#1785=DIRECTION('ref_axis',(-1.,0.,0.));
#1786=DIRECTION('center_axis',(0.,-1.,0.));
#1787=DIRECTION('ref_axis',(-1.,0.,0.));
#1788=DIRECTION('',(0.,-1.,0.));
#1789=DIRECTION('center_axis',(0.,1.,0.));
#1790=DIRECTION('ref_axis',(-1.,0.,0.));
#1791=DIRECTION('center_axis',(0.,-1.,0.));
#1792=DIRECTION('ref_axis',(-1.,0.,0.));
#1793=DIRECTION('center_axis',(0.,-1.,0.));
#1794=DIRECTION('ref_axis',(-1.,0.,0.));
#1795=DIRECTION('',(0.,-1.,0.));
#1796=DIRECTION('center_axis',(0.,1.,0.));
#1797=DIRECTION('ref_axis',(-1.,0.,0.));
#1798=DIRECTION('center_axis',(0.,-1.,0.));
#1799=DIRECTION('ref_axis',(-1.,0.,0.));
#1800=DIRECTION('center_axis',(0.,-1.,0.));
#1801=DIRECTION('ref_axis',(-1.,0.,0.));
#1802=DIRECTION('',(0.,-1.,0.));
#1803=DIRECTION('center_axis',(0.,1.,0.));
#1804=DIRECTION('ref_axis',(-1.,0.,0.));
#1805=DIRECTION('center_axis',(0.,-1.,0.));
#1806=DIRECTION('ref_axis',(-1.,0.,0.));
#1807=DIRECTION('center_axis',(0.,-1.,0.));
#1808=DIRECTION('ref_axis',(-1.,0.,0.));
#1809=DIRECTION('',(0.,-1.,0.));
#1810=DIRECTION('center_axis',(0.,1.,0.));
#1811=DIRECTION('ref_axis',(-1.,0.,0.));
#1812=DIRECTION('center_axis',(0.,-1.,0.));
#1813=DIRECTION('ref_axis',(-1.,0.,0.));
#1814=DIRECTION('center_axis',(0.,-1.,0.));
#1815=DIRECTION('ref_axis',(-1.,0.,0.));
#1816=DIRECTION('',(0.,-1.,0.));
#1817=DIRECTION('center_axis',(0.,1.,0.));
#1818=DIRECTION('ref_axis',(-1.,0.,0.));
#1819=DIRECTION('center_axis',(0.,-1.,0.));
#1820=DIRECTION('ref_axis',(-1.,0.,0.));
#1821=DIRECTION('center_axis',(0.,-1.,0.));
#1822=DIRECTION('ref_axis',(-1.,0.,0.));
#1823=DIRECTION('',(0.,-1.,0.));
#1824=DIRECTION('center_axis',(0.,1.,0.));
#1825=DIRECTION('ref_axis',(-1.,0.,0.));
#1826=DIRECTION('center_axis',(0.,-1.,0.));
#1827=DIRECTION('ref_axis',(-1.,0.,0.));
#1828=DIRECTION('center_axis',(0.,-1.,0.));
#1829=DIRECTION('ref_axis',(-1.,0.,0.));
#1830=DIRECTION('',(0.,-1.,0.));
#1831=DIRECTION('center_axis',(0.,-1.,0.));
#1832=DIRECTION('ref_axis',(-1.,0.,0.));
#1833=DIRECTION('center_axis',(0.,1.,0.));
#1834=DIRECTION('ref_axis',(-1.,0.,0.));
#1835=DIRECTION('center_axis',(0.,1.,0.));
#1836=DIRECTION('ref_axis',(0.,0.,1.));
#1837=DIRECTION('center_axis',(0.,-1.,0.));
#1838=DIRECTION('ref_axis',(-1.,0.,0.));
#1839=DIRECTION('center_axis',(0.,-1.,0.));
#1840=DIRECTION('ref_axis',(-1.,0.,0.));
#1841=DIRECTION('',(0.,-1.,0.));
#1842=DIRECTION('center_axis',(0.,-1.,0.));
#1843=DIRECTION('ref_axis',(-1.,0.,0.));
#1844=DIRECTION('center_axis',(0.,1.,0.));
#1845=DIRECTION('ref_axis',(-1.,0.,0.));
#1846=DIRECTION('center_axis',(0.,1.,0.));
#1847=DIRECTION('ref_axis',(0.,0.,1.));
#1848=DIRECTION('center_axis',(0.,-1.,0.));
#1849=DIRECTION('ref_axis',(-1.,0.,0.));
#1850=DIRECTION('center_axis',(0.,-1.,0.));
#1851=DIRECTION('ref_axis',(-1.,0.,0.));
#1852=DIRECTION('',(0.,-1.,0.));
#1853=DIRECTION('center_axis',(0.,-1.,0.));
#1854=DIRECTION('ref_axis',(-1.,0.,0.));
#1855=DIRECTION('center_axis',(0.,1.,0.));
#1856=DIRECTION('ref_axis',(-1.,0.,0.));
#1857=DIRECTION('center_axis',(0.,1.,0.));
#1858=DIRECTION('ref_axis',(0.,0.,1.));
#1859=DIRECTION('center_axis',(0.,-1.,0.));
#1860=DIRECTION('ref_axis',(-1.,0.,0.));
#1861=DIRECTION('center_axis',(0.,-1.,0.));
#1862=DIRECTION('ref_axis',(-1.,0.,0.));
#1863=DIRECTION('',(0.,-1.,0.));
#1864=DIRECTION('center_axis',(0.,-1.,0.));
#1865=DIRECTION('ref_axis',(-1.,0.,0.));
#1866=DIRECTION('center_axis',(0.,1.,0.));
#1867=DIRECTION('ref_axis',(-1.,0.,0.));
#1868=DIRECTION('center_axis',(0.,1.,0.));
#1869=DIRECTION('ref_axis',(0.,0.,1.));
#1870=DIRECTION('center_axis',(0.,-1.,0.));
#1871=DIRECTION('ref_axis',(-1.,0.,0.));
#1872=DIRECTION('center_axis',(0.,-1.,0.));
#1873=DIRECTION('ref_axis',(-1.,0.,0.));
#1874=DIRECTION('',(0.,-1.,0.));
#1875=DIRECTION('center_axis',(0.,1.,0.));
#1876=DIRECTION('ref_axis',(-1.,0.,0.));
#1877=DIRECTION('center_axis',(0.,1.,0.));
#1878=DIRECTION('ref_axis',(0.707106781186547,0.,-0.707106781186548));
#1879=DIRECTION('center_axis',(0.,-1.,0.));
#1880=DIRECTION('ref_axis',(0.707106781186547,0.,-0.707106781186548));
#1881=DIRECTION('',(0.,-1.,0.));
#1882=DIRECTION('',(0.,1.,0.));
#1883=DIRECTION('center_axis',(1.,0.,0.));
#1884=DIRECTION('ref_axis',(0.,0.,-1.));
#1885=DIRECTION('',(0.,0.,-1.));
#1886=DIRECTION('',(0.,1.,0.));
#1887=DIRECTION('',(0.,0.,1.));
#1888=DIRECTION('center_axis',(0.,1.,0.));
#1889=DIRECTION('ref_axis',(0.,0.,1.));
#1890=DIRECTION('',(-1.,0.,0.));
#1891=DIRECTION('center_axis',(0.,-1.,0.));
#1892=DIRECTION('ref_axis',(-0.707106781186548,0.,-0.707106781186547));
#1893=DIRECTION('',(0.,0.,1.));
#1894=DIRECTION('center_axis',(0.,-1.,0.));
#1895=DIRECTION('ref_axis',(-0.707106781186548,0.,0.707106781186547));
#1896=DIRECTION('',(1.,0.,0.));
#1897=DIRECTION('center_axis',(0.,-1.,0.));
#1898=DIRECTION('ref_axis',(0.707106781186547,0.,0.707106781186547));
#1899=DIRECTION('center_axis',(0.,1.,0.));
#1900=DIRECTION('ref_axis',(-0.707106781186548,0.,-0.707106781186547));
#1901=DIRECTION('',(0.,-1.,0.));
#1902=DIRECTION('',(0.,1.,0.));
#1903=DIRECTION('center_axis',(-1.,0.,-7.08652994441589E-17));
#1904=DIRECTION('ref_axis',(-7.08652994441589E-17,0.,1.));
#1905=DIRECTION('',(7.08652994441589E-17,0.,-1.));
#1906=DIRECTION('',(0.,-1.,0.));
#1907=DIRECTION('center_axis',(0.,0.,-1.));
#1908=DIRECTION('ref_axis',(-1.,0.,0.));
#1909=DIRECTION('center_axis',(0.,0.,-1.));
#1910=DIRECTION('ref_axis',(-1.,0.,0.));
#1911=DIRECTION('center_axis',(0.,0.,1.));
#1912=DIRECTION('ref_axis',(-1.,0.,0.));
#1913=DIRECTION('center_axis',(0.,0.,-1.));
#1914=DIRECTION('ref_axis',(-1.,0.,0.));
#1915=DIRECTION('',(0.,0.,-1.));
#1916=DIRECTION('center_axis',(0.,0.,1.));
#1917=DIRECTION('ref_axis',(-1.,0.,0.));
#1918=DIRECTION('',(0.,0.,1.));
#1919=DIRECTION('center_axis',(0.,1.,0.));
#1920=DIRECTION('ref_axis',(-0.707106781186548,0.,0.707106781186547));
#1921=DIRECTION('',(0.,1.,0.));
#1922=DIRECTION('center_axis',(0.,0.,1.));
#1923=DIRECTION('ref_axis',(1.,0.,0.));
#1924=DIRECTION('',(0.,-1.,0.));
#1925=DIRECTION('center_axis',(0.,1.,0.));
#1926=DIRECTION('ref_axis',(0.707106781186547,0.,0.707106781186547));
#1927=DIRECTION('center_axis',(0.,1.,0.));
#1928=DIRECTION('ref_axis',(0.707106781186548,0.,-0.707106781186547));
#1929=DIRECTION('center_axis',(0.,-1.,0.));
#1930=DIRECTION('ref_axis',(0.707106781186548,0.,-0.707106781186547));
#1931=DIRECTION('',(0.,-1.,0.));
#1932=DIRECTION('',(0.,1.,0.));
#1933=DIRECTION('center_axis',(0.,0.,1.));
#1934=DIRECTION('ref_axis',(1.,0.,0.));
#1935=DIRECTION('',(1.,0.,0.));
#1936=DIRECTION('',(0.,1.,0.));
#1937=DIRECTION('center_axis',(0.,1.,0.));
#1938=DIRECTION('ref_axis',(-0.707106781186548,0.,-0.707106781186547));
#1939=DIRECTION('center_axis',(0.,-1.,0.));
#1940=DIRECTION('ref_axis',(-0.707106781186548,0.,-0.707106781186547));
#1941=DIRECTION('',(0.,-1.,0.));
#1942=DIRECTION('center_axis',(1.,0.,0.));
#1943=DIRECTION('ref_axis',(0.,0.,-1.));
#1944=DIRECTION('',(0.,0.,-1.));
#1945=DIRECTION('',(0.,1.,0.));
#1946=DIRECTION('center_axis',(0.,1.,0.));
#1947=DIRECTION('ref_axis',(-0.707106781186547,0.,0.707106781186548));
#1948=DIRECTION('center_axis',(0.,-1.,0.));
#1949=DIRECTION('ref_axis',(-0.707106781186547,0.,0.707106781186548));
#1950=DIRECTION('',(0.,-1.,0.));
#1951=DIRECTION('center_axis',(0.,1.,0.));
#1952=DIRECTION('ref_axis',(-1.,0.,0.));
#1953=DIRECTION('',(0.,0.,1.));
#1954=DIRECTION('center_axis',(0.,-1.,0.));
#1955=DIRECTION('ref_axis',(0.707106781186548,0.,0.707106781186548));
#1956=DIRECTION('',(-1.,0.,0.));
#1957=DIRECTION('center_axis',(0.,1.,0.));
#1958=DIRECTION('ref_axis',(0.,0.,1.));
#1959=DIRECTION('center_axis',(0.,1.,0.));
#1960=DIRECTION('ref_axis',(0.,0.,1.));
#1961=DIRECTION('center_axis',(0.,1.,0.));
#1962=DIRECTION('ref_axis',(0.,0.,1.));
#1963=DIRECTION('center_axis',(0.,1.,0.));
#1964=DIRECTION('ref_axis',(0.,0.,1.));
#1965=DIRECTION('center_axis',(0.,1.,0.));
#1966=DIRECTION('ref_axis',(0.707106781186548,0.,0.707106781186548));
#1967=DIRECTION('',(0.,-1.,0.));
#1968=DIRECTION('',(0.,1.,0.));
#1969=DIRECTION('center_axis',(-1.,0.,0.));
#1970=DIRECTION('ref_axis',(0.,0.,1.));
#1971=DIRECTION('center_axis',(0.,0.,-1.));
#1972=DIRECTION('ref_axis',(-1.,0.,0.));
#1973=DIRECTION('center_axis',(0.,-1.,0.));
#1974=DIRECTION('ref_axis',(0.,0.,1.));
#1975=DIRECTION('',(0.,-1.,0.));
#1976=DIRECTION('center_axis',(0.,-1.,0.));
#1977=DIRECTION('ref_axis',(0.,0.,1.));
#1978=DIRECTION('',(0.,-1.,0.));
#1979=DIRECTION('center_axis',(0.,-1.,0.));
#1980=DIRECTION('ref_axis',(0.,0.,1.));
#1981=DIRECTION('',(0.,-1.,0.));
#1982=DIRECTION('center_axis',(0.,-1.,0.));
#1983=DIRECTION('ref_axis',(0.,0.,1.));
#1984=DIRECTION('',(0.,-1.,0.));
#1985=DIRECTION('center_axis',(0.,0.,-1.));
#1986=DIRECTION('ref_axis',(-1.,0.,0.));
#1987=CARTESIAN_POINT('',(0.,0.,0.));
#1988=CARTESIAN_POINT('Origin',(14.5,16.7,4.50000000000001));
#1989=CARTESIAN_POINT('',(16.,16.7,4.50000000000001));
#1990=CARTESIAN_POINT('Origin',(14.5,16.7,4.50000000000001));
#1991=CARTESIAN_POINT('',(16.,12.7,4.50000000000001));
#1992=CARTESIAN_POINT('',(16.,16.7,4.50000000000001));
#1993=CARTESIAN_POINT('Origin',(14.5,12.7,4.50000000000001));
#1994=CARTESIAN_POINT('Origin',(19.5,16.7,4.50000000000001));
#1995=CARTESIAN_POINT('',(21.,16.7,4.50000000000001));
#1996=CARTESIAN_POINT('Origin',(19.5,16.7,4.50000000000001));
#1997=CARTESIAN_POINT('',(21.,12.7,4.50000000000001));
#1998=CARTESIAN_POINT('',(21.,16.7,4.50000000000001));
#1999=CARTESIAN_POINT('Origin',(19.5,12.7,4.50000000000001));
#2000=CARTESIAN_POINT('Origin',(24.5,16.7,4.50000000000001));
#2001=CARTESIAN_POINT('',(26.,16.7,4.50000000000001));
#2002=CARTESIAN_POINT('Origin',(24.5,16.7,4.50000000000001));
#2003=CARTESIAN_POINT('',(26.,12.7,4.50000000000001));
#2004=CARTESIAN_POINT('',(26.,16.7,4.50000000000001));
#2005=CARTESIAN_POINT('Origin',(24.5,12.7,4.50000000000001));
#2006=CARTESIAN_POINT('Origin',(9.50000000000001,16.7,9.50000000000001));
#2007=CARTESIAN_POINT('',(11.,16.7,9.50000000000001));
#2008=CARTESIAN_POINT('Origin',(9.50000000000001,16.7,9.50000000000001));
#2009=CARTESIAN_POINT('',(11.,12.7,9.50000000000001));
#2010=CARTESIAN_POINT('',(11.,16.7,9.50000000000001));
#2011=CARTESIAN_POINT('Origin',(9.50000000000001,12.7,9.50000000000001));
#2012=CARTESIAN_POINT('Origin',(14.5,16.7,9.50000000000001));
#2013=CARTESIAN_POINT('',(16.,16.7,9.50000000000001));
#2014=CARTESIAN_POINT('Origin',(14.5,16.7,9.50000000000001));
#2015=CARTESIAN_POINT('',(16.,12.7,9.50000000000001));
#2016=CARTESIAN_POINT('',(16.,16.7,9.50000000000001));
#2017=CARTESIAN_POINT('Origin',(14.5,12.7,9.50000000000001));
#2018=CARTESIAN_POINT('Origin',(19.5,16.7,9.50000000000001));
#2019=CARTESIAN_POINT('',(21.,16.7,9.50000000000001));
#2020=CARTESIAN_POINT('Origin',(19.5,16.7,9.50000000000001));
#2021=CARTESIAN_POINT('',(21.,12.7,9.50000000000001));
#2022=CARTESIAN_POINT('',(21.,16.7,9.50000000000001));
#2023=CARTESIAN_POINT('Origin',(19.5,12.7,9.50000000000001));
#2024=CARTESIAN_POINT('Origin',(24.5,16.7,9.50000000000001));
#2025=CARTESIAN_POINT('',(26.,16.7,9.50000000000001));
#2026=CARTESIAN_POINT('Origin',(24.5,16.7,9.50000000000001));
#2027=CARTESIAN_POINT('',(26.,12.7,9.50000000000001));
#2028=CARTESIAN_POINT('',(26.,16.7,9.50000000000001));
#2029=CARTESIAN_POINT('Origin',(24.5,12.7,9.50000000000001));
#2030=CARTESIAN_POINT('Origin',(29.5,16.7,9.50000000000001));
#2031=CARTESIAN_POINT('',(31.,16.7,9.50000000000001));
#2032=CARTESIAN_POINT('Origin',(29.5,16.7,9.50000000000001));
#2033=CARTESIAN_POINT('',(31.,12.7,9.50000000000001));
#2034=CARTESIAN_POINT('',(31.,16.7,9.50000000000001));
#2035=CARTESIAN_POINT('Origin',(29.5,12.7,9.50000000000001));
#2036=CARTESIAN_POINT('Origin',(4.50000000000001,16.7,14.5));
#2037=CARTESIAN_POINT('',(6.00000000000001,16.7,14.5));
#2038=CARTESIAN_POINT('Origin',(4.50000000000001,16.7,14.5));
#2039=CARTESIAN_POINT('',(6.00000000000001,12.7,14.5));
#2040=CARTESIAN_POINT('',(6.00000000000001,16.7,14.5));
#2041=CARTESIAN_POINT('Origin',(4.50000000000001,12.7,14.5));
#2042=CARTESIAN_POINT('Origin',(9.50000000000001,16.7,14.5));
#2043=CARTESIAN_POINT('',(11.,16.7,14.5));
#2044=CARTESIAN_POINT('Origin',(9.50000000000001,16.7,14.5));
#2045=CARTESIAN_POINT('',(11.,12.7,14.5));
#2046=CARTESIAN_POINT('',(11.,16.7,14.5));
#2047=CARTESIAN_POINT('Origin',(9.50000000000001,12.7,14.5));
#2048=CARTESIAN_POINT('Origin',(14.5,16.7,14.5));
#2049=CARTESIAN_POINT('',(16.,16.7,14.5));
#2050=CARTESIAN_POINT('Origin',(14.5,16.7,14.5));
#2051=CARTESIAN_POINT('',(16.,12.7,14.5));
#2052=CARTESIAN_POINT('',(16.,16.7,14.5));
#2053=CARTESIAN_POINT('Origin',(14.5,12.7,14.5));
#2054=CARTESIAN_POINT('Origin',(19.5,16.7,14.5));
#2055=CARTESIAN_POINT('',(21.,16.7,14.5));
#2056=CARTESIAN_POINT('Origin',(19.5,16.7,14.5));
#2057=CARTESIAN_POINT('',(21.,12.7,14.5));
#2058=CARTESIAN_POINT('',(21.,16.7,14.5));
#2059=CARTESIAN_POINT('Origin',(19.5,12.7,14.5));
#2060=CARTESIAN_POINT('Origin',(24.5,16.7,14.5));
#2061=CARTESIAN_POINT('',(26.,16.7,14.5));
#2062=CARTESIAN_POINT('Origin',(24.5,16.7,14.5));
#2063=CARTESIAN_POINT('',(26.,12.7,14.5));
#2064=CARTESIAN_POINT('',(26.,16.7,14.5));
#2065=CARTESIAN_POINT('Origin',(24.5,12.7,14.5));
#2066=CARTESIAN_POINT('Origin',(29.5,16.7,14.5));
#2067=CARTESIAN_POINT('',(31.,16.7,14.5));
#2068=CARTESIAN_POINT('Origin',(29.5,16.7,14.5));
#2069=CARTESIAN_POINT('',(31.,12.7,14.5));
#2070=CARTESIAN_POINT('',(31.,16.7,14.5));
#2071=CARTESIAN_POINT('Origin',(29.5,12.7,14.5));
#2072=CARTESIAN_POINT('Origin',(34.5,16.7,14.5));
#2073=CARTESIAN_POINT('',(36.,16.7,14.5));
#2074=CARTESIAN_POINT('Origin',(34.5,16.7,14.5));
#2075=CARTESIAN_POINT('',(36.,12.7,14.5));
#2076=CARTESIAN_POINT('',(36.,16.7,14.5));
#2077=CARTESIAN_POINT('Origin',(34.5,12.7,14.5));
#2078=CARTESIAN_POINT('Origin',(4.50000000000001,16.7,19.5));
#2079=CARTESIAN_POINT('',(6.00000000000001,16.7,19.5));
#2080=CARTESIAN_POINT('Origin',(4.50000000000001,16.7,19.5));
#2081=CARTESIAN_POINT('',(6.00000000000001,12.7,19.5));
#2082=CARTESIAN_POINT('',(6.00000000000001,16.7,19.5));
#2083=CARTESIAN_POINT('Origin',(4.50000000000001,12.7,19.5));
#2084=CARTESIAN_POINT('Origin',(9.50000000000001,16.7,19.5));
#2085=CARTESIAN_POINT('',(11.,16.7,19.5));
#2086=CARTESIAN_POINT('Origin',(9.50000000000001,16.7,19.5));
#2087=CARTESIAN_POINT('',(11.,12.7,19.5));
#2088=CARTESIAN_POINT('',(11.,16.7,19.5));
#2089=CARTESIAN_POINT('Origin',(9.50000000000001,12.7,19.5));
#2090=CARTESIAN_POINT('Origin',(14.5,16.7,19.5));
#2091=CARTESIAN_POINT('',(16.,16.7,19.5));
#2092=CARTESIAN_POINT('Origin',(14.5,16.7,19.5));
#2093=CARTESIAN_POINT('',(16.,12.7,19.5));
#2094=CARTESIAN_POINT('',(16.,16.7,19.5));
#2095=CARTESIAN_POINT('Origin',(14.5,12.7,19.5));
#2096=CARTESIAN_POINT('Origin',(24.5,16.7,19.5));
#2097=CARTESIAN_POINT('',(26.,16.7,19.5));
#2098=CARTESIAN_POINT('Origin',(24.5,16.7,19.5));
#2099=CARTESIAN_POINT('',(26.,12.7,19.5));
#2100=CARTESIAN_POINT('',(26.,16.7,19.5));
#2101=CARTESIAN_POINT('Origin',(24.5,12.7,19.5));
#2102=CARTESIAN_POINT('Origin',(29.5,16.7,19.5));
#2103=CARTESIAN_POINT('',(31.,16.7,19.5));
#2104=CARTESIAN_POINT('Origin',(29.5,16.7,19.5));
#2105=CARTESIAN_POINT('',(31.,12.7,19.5));
#2106=CARTESIAN_POINT('',(31.,16.7,19.5));
#2107=CARTESIAN_POINT('Origin',(29.5,12.7,19.5));
#2108=CARTESIAN_POINT('Origin',(34.5,16.7,19.5));
#2109=CARTESIAN_POINT('',(36.,16.7,19.5));
#2110=CARTESIAN_POINT('Origin',(34.5,16.7,19.5));
#2111=CARTESIAN_POINT('',(36.,12.7,19.5));
#2112=CARTESIAN_POINT('',(36.,16.7,19.5));
#2113=CARTESIAN_POINT('Origin',(34.5,12.7,19.5));
#2114=CARTESIAN_POINT('Origin',(4.50000000000001,16.7,24.5));
#2115=CARTESIAN_POINT('',(6.00000000000001,16.7,24.5));
#2116=CARTESIAN_POINT('Origin',(4.50000000000001,16.7,24.5));
#2117=CARTESIAN_POINT('',(6.00000000000001,12.7,24.5));
#2118=CARTESIAN_POINT('',(6.00000000000001,16.7,24.5));
#2119=CARTESIAN_POINT('Origin',(4.50000000000001,12.7,24.5));
#2120=CARTESIAN_POINT('Origin',(9.50000000000001,16.7,24.5));
#2121=CARTESIAN_POINT('',(11.,16.7,24.5));
#2122=CARTESIAN_POINT('Origin',(9.50000000000001,16.7,24.5));
#2123=CARTESIAN_POINT('',(11.,12.7,24.5));
#2124=CARTESIAN_POINT('',(11.,16.7,24.5));
#2125=CARTESIAN_POINT('Origin',(9.50000000000001,12.7,24.5));
#2126=CARTESIAN_POINT('Origin',(14.5,16.7,24.5));
#2127=CARTESIAN_POINT('',(16.,16.7,24.5));
#2128=CARTESIAN_POINT('Origin',(14.5,16.7,24.5));
#2129=CARTESIAN_POINT('',(16.,12.7,24.5));
#2130=CARTESIAN_POINT('',(16.,16.7,24.5));
#2131=CARTESIAN_POINT('Origin',(14.5,12.7,24.5));
#2132=CARTESIAN_POINT('Origin',(19.5,16.7,24.5));
#2133=CARTESIAN_POINT('',(21.,16.7,24.5));
#2134=CARTESIAN_POINT('Origin',(19.5,16.7,24.5));
#2135=CARTESIAN_POINT('',(21.,12.7,24.5));
#2136=CARTESIAN_POINT('',(21.,16.7,24.5));
#2137=CARTESIAN_POINT('Origin',(19.5,12.7,24.5));
#2138=CARTESIAN_POINT('Origin',(24.5,16.7,24.5));
#2139=CARTESIAN_POINT('',(26.,16.7,24.5));
#2140=CARTESIAN_POINT('Origin',(24.5,16.7,24.5));
#2141=CARTESIAN_POINT('',(26.,12.7,24.5));
#2142=CARTESIAN_POINT('',(26.,16.7,24.5));
#2143=CARTESIAN_POINT('Origin',(24.5,12.7,24.5));
#2144=CARTESIAN_POINT('Origin',(29.5,16.7,24.5));
#2145=CARTESIAN_POINT('',(31.,16.7,24.5));
#2146=CARTESIAN_POINT('Origin',(29.5,16.7,24.5));
#2147=CARTESIAN_POINT('',(31.,12.7,24.5));
#2148=CARTESIAN_POINT('',(31.,16.7,24.5));
#2149=CARTESIAN_POINT('Origin',(29.5,12.7,24.5));
#2150=CARTESIAN_POINT('Origin',(34.5,16.7,24.5));
#2151=CARTESIAN_POINT('',(36.,16.7,24.5));
#2152=CARTESIAN_POINT('Origin',(34.5,16.7,24.5));
#2153=CARTESIAN_POINT('',(36.,12.7,24.5));
#2154=CARTESIAN_POINT('',(36.,16.7,24.5));
#2155=CARTESIAN_POINT('Origin',(34.5,12.7,24.5));
#2156=CARTESIAN_POINT('Origin',(9.50000000000001,16.7,29.5));
#2157=CARTESIAN_POINT('',(11.,16.7,29.5));
#2158=CARTESIAN_POINT('Origin',(9.50000000000001,16.7,29.5));
#2159=CARTESIAN_POINT('',(11.,12.7,29.5));
#2160=CARTESIAN_POINT('',(11.,16.7,29.5));
#2161=CARTESIAN_POINT('Origin',(9.50000000000001,12.7,29.5));
#2162=CARTESIAN_POINT('Origin',(14.5,16.7,29.5));
#2163=CARTESIAN_POINT('',(16.,16.7,29.5));
#2164=CARTESIAN_POINT('Origin',(14.5,16.7,29.5));
#2165=CARTESIAN_POINT('',(16.,12.7,29.5));
#2166=CARTESIAN_POINT('',(16.,16.7,29.5));
#2167=CARTESIAN_POINT('Origin',(14.5,12.7,29.5));
#2168=CARTESIAN_POINT('Origin',(19.5,16.7,29.5));
#2169=CARTESIAN_POINT('',(21.,16.7,29.5));
#2170=CARTESIAN_POINT('Origin',(19.5,16.7,29.5));
#2171=CARTESIAN_POINT('',(21.,12.7,29.5));
#2172=CARTESIAN_POINT('',(21.,16.7,29.5));
#2173=CARTESIAN_POINT('Origin',(19.5,12.7,29.5));
#2174=CARTESIAN_POINT('Origin',(24.5,16.7,29.5));
#2175=CARTESIAN_POINT('',(26.,16.7,29.5));
#2176=CARTESIAN_POINT('Origin',(24.5,16.7,29.5));
#2177=CARTESIAN_POINT('',(26.,12.7,29.5));
#2178=CARTESIAN_POINT('',(26.,16.7,29.5));
#2179=CARTESIAN_POINT('Origin',(24.5,12.7,29.5));
#2180=CARTESIAN_POINT('Origin',(29.5,16.7,29.5));
#2181=CARTESIAN_POINT('',(31.,16.7,29.5));
#2182=CARTESIAN_POINT('Origin',(29.5,16.7,29.5));
#2183=CARTESIAN_POINT('',(31.,12.7,29.5));
#2184=CARTESIAN_POINT('',(31.,16.7,29.5));
#2185=CARTESIAN_POINT('Origin',(29.5,12.7,29.5));
#2186=CARTESIAN_POINT('Origin',(14.5,16.7,34.5));
#2187=CARTESIAN_POINT('',(16.,16.7,34.5));
#2188=CARTESIAN_POINT('Origin',(14.5,16.7,34.5));
#2189=CARTESIAN_POINT('',(16.,12.7,34.5));
#2190=CARTESIAN_POINT('',(16.,16.7,34.5));
#2191=CARTESIAN_POINT('Origin',(14.5,12.7,34.5));
#2192=CARTESIAN_POINT('Origin',(19.5,16.7,34.5));
#2193=CARTESIAN_POINT('',(21.,16.7,34.5));
#2194=CARTESIAN_POINT('Origin',(19.5,16.7,34.5));
#2195=CARTESIAN_POINT('',(21.,12.7,34.5));
#2196=CARTESIAN_POINT('',(21.,16.7,34.5));
#2197=CARTESIAN_POINT('Origin',(19.5,12.7,34.5));
#2198=CARTESIAN_POINT('Origin',(24.5,16.7,34.5));
#2199=CARTESIAN_POINT('',(26.,16.7,34.5));
#2200=CARTESIAN_POINT('Origin',(24.5,16.7,34.5));
#2201=CARTESIAN_POINT('',(26.,12.7,34.5));
#2202=CARTESIAN_POINT('',(26.,16.7,34.5));
#2203=CARTESIAN_POINT('Origin',(24.5,12.7,34.5));
#2204=CARTESIAN_POINT('Origin',(34.5,17.7,4.5));
#2205=CARTESIAN_POINT('',(37.,16.7,4.5));
#2206=CARTESIAN_POINT('Origin',(34.5,16.7,4.5));
#2207=CARTESIAN_POINT('',(37.,13.7,4.5));
#2208=CARTESIAN_POINT('',(37.,17.7,4.5));
#2209=CARTESIAN_POINT('Origin',(34.5,13.7,4.5));
#2210=CARTESIAN_POINT('Origin',(34.5,13.7,4.5));
#2211=CARTESIAN_POINT('',(34.5,13.7,2.868));
#2212=CARTESIAN_POINT('Origin',(34.5,13.7,4.5));
#2213=CARTESIAN_POINT('Origin',(34.5,17.7,34.5));
#2214=CARTESIAN_POINT('',(37.,16.7,34.5));
#2215=CARTESIAN_POINT('Origin',(34.5,16.7,34.5));
#2216=CARTESIAN_POINT('',(37.,13.7,34.5));
#2217=CARTESIAN_POINT('',(37.,17.7,34.5));
#2218=CARTESIAN_POINT('Origin',(34.5,13.7,34.5));
#2219=CARTESIAN_POINT('Origin',(34.5,13.7,34.5));
#2220=CARTESIAN_POINT('',(34.5,13.7,32.868));
#2221=CARTESIAN_POINT('Origin',(34.5,13.7,34.5));
#2222=CARTESIAN_POINT('Origin',(4.50000000000001,17.7,4.5));
#2223=CARTESIAN_POINT('',(7.00000000000001,16.7,4.5));
#2224=CARTESIAN_POINT('Origin',(4.50000000000001,16.7,4.5));
#2225=CARTESIAN_POINT('',(7.00000000000001,13.7,4.5));
#2226=CARTESIAN_POINT('',(7.00000000000001,17.7,4.5));
#2227=CARTESIAN_POINT('Origin',(4.50000000000001,13.7,4.5));
#2228=CARTESIAN_POINT('Origin',(4.50000000000001,13.7,4.5));
#2229=CARTESIAN_POINT('',(4.50000000000001,13.7,2.868));
#2230=CARTESIAN_POINT('Origin',(4.50000000000001,13.7,4.5));
#2231=CARTESIAN_POINT('Origin',(4.50000000000001,17.7,34.5));
#2232=CARTESIAN_POINT('',(7.00000000000001,16.7,34.5));
#2233=CARTESIAN_POINT('Origin',(4.50000000000001,16.7,34.5));
#2234=CARTESIAN_POINT('',(7.00000000000001,13.7,34.5));
#2235=CARTESIAN_POINT('',(7.00000000000001,17.7,34.5));
#2236=CARTESIAN_POINT('Origin',(4.50000000000001,13.7,34.5));
#2237=CARTESIAN_POINT('Origin',(4.50000000000001,13.7,34.5));
#2238=CARTESIAN_POINT('',(4.50000000000001,13.7,32.868));
#2239=CARTESIAN_POINT('Origin',(4.50000000000001,13.7,34.5));
#2240=CARTESIAN_POINT('Origin',(19.5,16.7,19.5));
#2241=CARTESIAN_POINT('',(21.,16.7,19.5));
#2242=CARTESIAN_POINT('Origin',(19.5,16.7,19.5));
#2243=CARTESIAN_POINT('',(21.,12.7,19.5));
#2244=CARTESIAN_POINT('',(21.,16.7,19.5));
#2245=CARTESIAN_POINT('Origin',(19.5,12.7,19.5));
#2246=CARTESIAN_POINT('Origin',(37.,0.,2.));
#2247=CARTESIAN_POINT('',(37.,16.7,-4.));
#2248=CARTESIAN_POINT('',(43.,16.7,2.));
#2249=CARTESIAN_POINT('Origin',(37.,16.7,2.));
#2250=CARTESIAN_POINT('',(43.,0.,2.));
#2251=CARTESIAN_POINT('',(43.,0.,2.));
#2252=CARTESIAN_POINT('',(37.,1.99670239139002,-4.));
#2253=CARTESIAN_POINT('Ctrl Pts',(43.,9.52363188311267E-15,2.));
#2254=CARTESIAN_POINT('Ctrl Pts',(43.,9.49226281923683E-15,1.24654024329501));
#2255=CARTESIAN_POINT('Ctrl Pts',(42.8492357310151,0.0590994487084688,0.44718647901252));
#2256=CARTESIAN_POINT('Ctrl Pts',(42.2475154632007,0.287291163945718,-1.01469268411742));
#2257=CARTESIAN_POINT('Ctrl Pts',(41.7969085265145,0.455302626750653,-1.67753023008288));
#2258=CARTESIAN_POINT('Ctrl Pts',(40.7466799714559,0.828901152969516,-2.74912698581654));
#2259=CARTESIAN_POINT('Ctrl Pts',(40.0661561463394,1.06238321807557,-3.22040230676305));
#2260=CARTESIAN_POINT('Ctrl Pts',(38.5746997888585,1.53991501053742,-3.84587331734548));
#2261=CARTESIAN_POINT('Ctrl Pts',(37.7635127851713,1.78326004652391,-4.));
#2262=CARTESIAN_POINT('Ctrl Pts',(37.,1.99670239139002,-4.));
#2263=CARTESIAN_POINT('',(37.,0.,-4.));
#2264=CARTESIAN_POINT('Origin',(43.,0.,43.));
#2265=CARTESIAN_POINT('',(43.,16.7,37.));
#2266=CARTESIAN_POINT('',(43.,16.7,-4.));
#2267=CARTESIAN_POINT('',(43.,0.,37.));
#2268=CARTESIAN_POINT('',(43.,0.,37.));
#2269=CARTESIAN_POINT('',(43.,0.,-4.));
#2270=CARTESIAN_POINT('Origin',(19.5,16.7,19.5));
#2271=CARTESIAN_POINT('',(2.,16.7,-4.));
#2272=CARTESIAN_POINT('',(-4.,16.7,-4.));
#2273=CARTESIAN_POINT('',(-4.,16.7,2.));
#2274=CARTESIAN_POINT('Origin',(2.,16.7,2.));
#2275=CARTESIAN_POINT('',(-4.,16.7,37.));
#2276=CARTESIAN_POINT('',(-4.,16.7,43.));
#2277=CARTESIAN_POINT('',(2.,16.7,43.));
#2278=CARTESIAN_POINT('Origin',(2.,16.7,37.));
#2279=CARTESIAN_POINT('',(37.,16.7,43.));
#2280=CARTESIAN_POINT('',(43.,16.7,43.));
#2281=CARTESIAN_POINT('Origin',(37.,16.7,37.));
#2282=CARTESIAN_POINT('Origin',(2.,0.,2.));
#2283=CARTESIAN_POINT('',(2.,1.99670239139001,-4.));
#2284=CARTESIAN_POINT('',(2.,0.,-4.));
#2285=CARTESIAN_POINT('',(-4.,0.,2.));
#2286=CARTESIAN_POINT('Ctrl Pts',(2.,1.99670239139001,-4.));
#2287=CARTESIAN_POINT('Ctrl Pts',(1.24650850070286,1.78606152777881,-4.));
#2288=CARTESIAN_POINT('Ctrl Pts',(0.445272432916251,1.5459399046783,-3.84984949909318));
#2289=CARTESIAN_POINT('Ctrl Pts',(-1.03088970571016,1.07403095475113,-3.23942974833558));
#2290=CARTESIAN_POINT('Ctrl Pts',(-1.70605702069389,0.842915930597514,-2.77922435354468));
#2291=CARTESIAN_POINT('Ctrl Pts',(-2.76654686847328,0.466496110649467,-1.71873450576529));
#2292=CARTESIAN_POINT('Ctrl Pts',(-3.22817640781553,0.2945556641756,-1.05071903232445));
#2293=CARTESIAN_POINT('Ctrl Pts',(-3.84507753304298,0.060743267084581,0.426538330701368));
#2294=CARTESIAN_POINT('Ctrl Pts',(-4.,-9.88793219527933E-16,1.23610439997783));
#2295=CARTESIAN_POINT('Ctrl Pts',(-4.,-8.93382590128056E-16,2.));
#2296=CARTESIAN_POINT('',(-4.,0.,2.));
#2297=CARTESIAN_POINT('Origin',(-4.,0.,-4.));
#2298=CARTESIAN_POINT('',(-4.,0.,37.));
#2299=CARTESIAN_POINT('',(-4.,0.,43.));
#2300=CARTESIAN_POINT('',(-4.,0.,37.));
#2301=CARTESIAN_POINT('Origin',(19.5,-60.6032177363546,43.));
#2302=CARTESIAN_POINT('',(37.,1.99670239139002,43.));
#2303=CARTESIAN_POINT('Ctrl Pts',(37.,1.99670239139002,43.));
#2304=CARTESIAN_POINT('Ctrl Pts',(37.7635127851713,1.78326004652391,43.));
#2305=CARTESIAN_POINT('Ctrl Pts',(38.5746997888585,1.53991501053742,42.8458733173455));
#2306=CARTESIAN_POINT('Ctrl Pts',(40.0661561463394,1.06238321807557,42.2204023067631));
#2307=CARTESIAN_POINT('Ctrl Pts',(40.7466799714559,0.828901152969507,41.7491269858166));
#2308=CARTESIAN_POINT('Ctrl Pts',(41.7969085265145,0.455302626750645,40.6775302300829));
#2309=CARTESIAN_POINT('Ctrl Pts',(42.2475154632007,0.287291163945709,40.0146926841174));
#2310=CARTESIAN_POINT('Ctrl Pts',(42.8492357310151,0.0590994487084608,38.5528135209875));
#2311=CARTESIAN_POINT('Ctrl Pts',(43.,9.80807851940345E-15,37.753459756705));
#2312=CARTESIAN_POINT('Ctrl Pts',(43.,9.81853487402873E-15,37.));
#2313=CARTESIAN_POINT('',(2.,1.99670239139001,43.));
#2314=CARTESIAN_POINT('Origin',(19.5,-60.6032177363546,43.));
#2315=CARTESIAN_POINT('Ctrl Pts',(-4.,-5.64869331864948E-15,37.));
#2316=CARTESIAN_POINT('Ctrl Pts',(-4.,-5.6221903660384E-15,37.7638956000222));
#2317=CARTESIAN_POINT('Ctrl Pts',(-3.84507753304299,0.0607432670845797,
38.5734616692986));
#2318=CARTESIAN_POINT('Ctrl Pts',(-3.22817640781553,0.2945556641756,40.0507190323245));
#2319=CARTESIAN_POINT('Ctrl Pts',(-2.76654686847328,0.466496110649458,40.7187345057653));
#2320=CARTESIAN_POINT('Ctrl Pts',(-1.70605702069389,0.842915930597505,41.7792243535447));
#2321=CARTESIAN_POINT('Ctrl Pts',(-1.03088970571017,1.07403095475112,42.2394297483356));
#2322=CARTESIAN_POINT('Ctrl Pts',(0.445272432916245,1.54593990467829,42.8498494990932));
#2323=CARTESIAN_POINT('Ctrl Pts',(1.24650850070286,1.78606152777881,43.));
#2324=CARTESIAN_POINT('Ctrl Pts',(2.,1.99670239139001,43.));
#2325=CARTESIAN_POINT('Origin',(19.5,-60.6032177363546,-4.));
#2326=CARTESIAN_POINT('',(34.5,2.64233546701304,0.));
#2327=CARTESIAN_POINT('',(39.,1.40283035574692,4.5));
#2328=CARTESIAN_POINT('Ctrl Pts',(34.5,2.64233546701304,0.));
#2329=CARTESIAN_POINT('Ctrl Pts',(35.0698471944499,2.50718433805914,-6.50207545731043E-17));
#2330=CARTESIAN_POINT('Ctrl Pts',(35.6763450192509,2.35438063260038,0.114599424221601));
#2331=CARTESIAN_POINT('Ctrl Pts',(36.7921179587478,2.05710453458302,0.580596871279869));
#2332=CARTESIAN_POINT('Ctrl Pts',(37.3015064148791,1.91303975147252,0.931983444395366));
#2333=CARTESIAN_POINT('Ctrl Pts',(38.0928752761195,1.68216419920388,1.7345896192209));
#2334=CARTESIAN_POINT('Ctrl Pts',(38.4333873385073,1.57863805015547,2.23449364177148));
#2335=CARTESIAN_POINT('Ctrl Pts',(38.887037132059,1.43869661955071,3.33468479049854));
#2336=CARTESIAN_POINT('Ctrl Pts',(39.,1.40283035574692,3.93511377290129));
#2337=CARTESIAN_POINT('Ctrl Pts',(39.,1.40283035574692,4.5));
#2338=CARTESIAN_POINT('',(4.5,2.64233546701303,0.));
#2339=CARTESIAN_POINT('Origin',(19.5,-60.6032177363546,0.));
#2340=CARTESIAN_POINT('',(0.,1.40283035574691,4.5));
#2341=CARTESIAN_POINT('Ctrl Pts',(-6.16297582203915E-32,1.40283035574691,
4.5));
#2342=CARTESIAN_POINT('Ctrl Pts',(-3.64073591269717E-16,1.40283035574691,
3.92968984696427));
#2343=CARTESIAN_POINT('Ctrl Pts',(0.115120891468657,1.43938696997429,3.3239158356125));
#2344=CARTESIAN_POINT('Ctrl Pts',(0.576730494962154,1.58173387957828,2.21564104032828));
#2345=CARTESIAN_POINT('Ctrl Pts',(0.923044250680049,1.68695775964967,1.71299471864102));
#2346=CARTESIAN_POINT('Ctrl Pts',(1.71987261385652,1.91911638587639,0.91616635546455));
#2347=CARTESIAN_POINT('Ctrl Pts',(2.22644975470979,2.06218705323383,0.570599165091173));
#2348=CARTESIAN_POINT('Ctrl Pts',(3.33416908544081,2.35704279626064,0.112510957239827));
#2349=CARTESIAN_POINT('Ctrl Pts',(3.93542033496459,2.50843364235352,3.48227412976369E-16));
#2350=CARTESIAN_POINT('Ctrl Pts',(4.5,2.64233546701303,-1.54074395550979E-31));
#2351=CARTESIAN_POINT('',(0.,1.40283035574691,34.5));
#2352=CARTESIAN_POINT('',(0.,1.40283035574691,43.));
#2353=CARTESIAN_POINT('',(4.5,2.64233546701303,39.));
#2354=CARTESIAN_POINT('Ctrl Pts',(4.5,2.64233546701303,39.));
#2355=CARTESIAN_POINT('Ctrl Pts',(3.93015280555007,2.50718433805913,39.));
#2356=CARTESIAN_POINT('Ctrl Pts',(3.32365498074915,2.35438063260037,38.8854005757784));
#2357=CARTESIAN_POINT('Ctrl Pts',(2.20788204125217,2.05710453458301,38.4194031287201));
#2358=CARTESIAN_POINT('Ctrl Pts',(1.69849358512086,1.9130397514725,38.0680165556046));
#2359=CARTESIAN_POINT('Ctrl Pts',(0.907124723880529,1.68216419920386,37.2654103807791));
#2360=CARTESIAN_POINT('Ctrl Pts',(0.566612661492709,1.57863805015546,36.7655063582285));
#2361=CARTESIAN_POINT('Ctrl Pts',(0.112962867940953,1.43869661955069,35.6653152095015));
#2362=CARTESIAN_POINT('Ctrl Pts',(0.,1.40283035574691,35.0648862270987));
#2363=CARTESIAN_POINT('Ctrl Pts',(0.,1.40283035574691,34.5));
#2364=CARTESIAN_POINT('',(34.5,2.64233546701304,39.));
#2365=CARTESIAN_POINT('Origin',(19.5,-60.6032177363546,39.));
#2366=CARTESIAN_POINT('',(39.,1.40283035574692,34.5));
#2367=CARTESIAN_POINT('Ctrl Pts',(39.,1.40283035574692,34.5));
#2368=CARTESIAN_POINT('Ctrl Pts',(39.,1.40283035574692,35.0648862270987));
#2369=CARTESIAN_POINT('Ctrl Pts',(38.887037132059,1.43869661955071,35.6653152095015));
#2370=CARTESIAN_POINT('Ctrl Pts',(38.4333873385073,1.57863805015547,36.7655063582285));
#2371=CARTESIAN_POINT('Ctrl Pts',(38.0928752761195,1.68216419920388,37.2654103807791));
#2372=CARTESIAN_POINT('Ctrl Pts',(37.3015064148791,1.91303975147252,38.0680165556046));
#2373=CARTESIAN_POINT('Ctrl Pts',(36.7921179587478,2.05710453458303,38.4194031287201));
#2374=CARTESIAN_POINT('Ctrl Pts',(35.6763450192509,2.35438063260039,38.8854005757784));
#2375=CARTESIAN_POINT('Ctrl Pts',(35.0698471944499,2.50718433805914,39.));
#2376=CARTESIAN_POINT('Ctrl Pts',(34.5,2.64233546701304,39.));
#2377=CARTESIAN_POINT('',(39.,1.40283035574692,43.));
#2378=CARTESIAN_POINT('Origin',(2.,0.,37.));
#2379=CARTESIAN_POINT('',(2.,0.,43.));
#2380=CARTESIAN_POINT('Origin',(-4.,0.,43.));
#2381=CARTESIAN_POINT('',(37.,0.,43.));
#2382=CARTESIAN_POINT('Origin',(37.,0.,37.));
#2383=CARTESIAN_POINT('Origin',(34.5,0.,4.5));
#2384=CARTESIAN_POINT('',(34.5,12.7,0.));
#2385=CARTESIAN_POINT('',(39.,12.7,4.5));
#2386=CARTESIAN_POINT('Origin',(34.5,12.7,4.5));
#2387=CARTESIAN_POINT('',(34.5,0.,0.));
#2388=CARTESIAN_POINT('',(39.,0.,4.5));
#2389=CARTESIAN_POINT('Origin',(0.,0.,0.));
#2390=CARTESIAN_POINT('',(4.5,12.7,0.));
#2391=CARTESIAN_POINT('',(0.,12.7,0.));
#2392=CARTESIAN_POINT('',(4.5,0.,0.));
#2393=CARTESIAN_POINT('Origin',(4.5,0.,4.5));
#2394=CARTESIAN_POINT('',(0.,12.7,4.5));
#2395=CARTESIAN_POINT('Origin',(4.5,12.7,4.5));
#2396=CARTESIAN_POINT('',(0.,0.,4.5));
#2397=CARTESIAN_POINT('Origin',(0.,0.,39.));
#2398=CARTESIAN_POINT('',(0.,12.7,34.5));
#2399=CARTESIAN_POINT('',(0.,12.7,39.));
#2400=CARTESIAN_POINT('',(0.,0.,34.5));
#2401=CARTESIAN_POINT('Origin',(4.5,0.,34.5));
#2402=CARTESIAN_POINT('',(4.5,12.7,39.));
#2403=CARTESIAN_POINT('Origin',(4.5,12.7,34.5));
#2404=CARTESIAN_POINT('',(4.5,0.,39.));
#2405=CARTESIAN_POINT('Origin',(19.5,12.7,19.5));
#2406=CARTESIAN_POINT('',(39.,12.7,34.5));
#2407=CARTESIAN_POINT('',(39.,12.7,0.));
#2408=CARTESIAN_POINT('',(34.5,12.7,39.));
#2409=CARTESIAN_POINT('Origin',(34.5,12.7,34.5));
#2410=CARTESIAN_POINT('',(39.,12.7,39.));
#2411=CARTESIAN_POINT('',(34.5,12.7,2.868));
#2412=CARTESIAN_POINT('Origin',(34.5,12.7,4.5));
#2413=CARTESIAN_POINT('',(4.50000000000001,12.7,32.868));
#2414=CARTESIAN_POINT('Origin',(4.50000000000001,12.7,34.5));
#2415=CARTESIAN_POINT('',(34.5,12.7,32.868));
#2416=CARTESIAN_POINT('Origin',(34.5,12.7,34.5));
#2417=CARTESIAN_POINT('',(4.50000000000001,12.7,2.868));
#2418=CARTESIAN_POINT('Origin',(4.50000000000001,12.7,4.5));
#2419=CARTESIAN_POINT('Origin',(34.5,0.,34.5));
#2420=CARTESIAN_POINT('',(39.,0.,34.5));
#2421=CARTESIAN_POINT('',(34.5,0.,39.));
#2422=CARTESIAN_POINT('Origin',(39.,0.,0.));
#2423=CARTESIAN_POINT('Origin',(43.,0.,-4.));
#2424=CARTESIAN_POINT('Origin',(4.50000000000001,6.7,4.5));
#2425=CARTESIAN_POINT('',(4.50000000000001,6.7,2.868));
#2426=CARTESIAN_POINT('Origin',(34.5,6.7,34.5));
#2427=CARTESIAN_POINT('',(34.5,6.7,32.868));
#2428=CARTESIAN_POINT('Origin',(4.50000000000001,6.7,34.5));
#2429=CARTESIAN_POINT('',(4.50000000000001,6.7,32.868));
#2430=CARTESIAN_POINT('Origin',(34.5,6.7,4.5));
#2431=CARTESIAN_POINT('',(34.5,6.7,2.868));
#2432=CARTESIAN_POINT('Origin',(39.,0.,39.));
#2433=UNCERTAINTY_MEASURE_WITH_UNIT(LENGTH_MEASURE(0.01),#2437,
'DISTANCE_ACCURACY_VALUE',
'Maximum model space distance between geometric entities at asserted c
onnectivities');
#2434=UNCERTAINTY_MEASURE_WITH_UNIT(LENGTH_MEASURE(0.01),#2437,
'DISTANCE_ACCURACY_VALUE',
'Maximum model space distance between geometric entities at asserted c
onnectivities');
#2435=(
GEOMETRIC_REPRESENTATION_CONTEXT(3)
GLOBAL_UNCERTAINTY_ASSIGNED_CONTEXT((#2433))
GLOBAL_UNIT_ASSIGNED_CONTEXT((#2437,#2439,#2440))
REPRESENTATION_CONTEXT('','3D')
);
#2436=(
GEOMETRIC_REPRESENTATION_CONTEXT(3)
GLOBAL_UNCERTAINTY_ASSIGNED_CONTEXT((#2434))
GLOBAL_UNIT_ASSIGNED_CONTEXT((#2437,#2439,#2440))
REPRESENTATION_CONTEXT('','3D')
);
#2437=(
LENGTH_UNIT()
NAMED_UNIT(*)
SI_UNIT(.MILLI.,.METRE.)
);
#2438=(
LENGTH_UNIT()
NAMED_UNIT(*)
SI_UNIT($,.METRE.)
);
#2439=(
NAMED_UNIT(*)
PLANE_ANGLE_UNIT()
SI_UNIT($,.RADIAN.)
);
#2440=(
NAMED_UNIT(*)
SI_UNIT($,.STERADIAN.)
SOLID_ANGLE_UNIT()
);
#2441=SHAPE_DEFINITION_REPRESENTATION(#2442,#2443);
#2442=PRODUCT_DEFINITION_SHAPE('',$,#2445);
#2443=SHAPE_REPRESENTATION('',(#1401),#2435);
#2444=PRODUCT_DEFINITION_CONTEXT('part definition',#2449,'design');
#2445=PRODUCT_DEFINITION('Fan Cover','Fan Cover v14',#2446,#2444);
#2446=PRODUCT_DEFINITION_FORMATION('',$,#2451);
#2447=PRODUCT_RELATED_PRODUCT_CATEGORY('Fan Cover v14','Fan Cover v14',
(#2451));
#2448=APPLICATION_PROTOCOL_DEFINITION('international standard',
'automotive_design',2009,#2449);
#2449=APPLICATION_CONTEXT(
'Core Data for Automotive Mechanical Design Process');
#2450=PRODUCT_CONTEXT('part definition',#2449,'mechanical');
#2451=PRODUCT('Fan Cover','Fan Cover v14',$,(#2450));
#2452=PRESENTATION_STYLE_ASSIGNMENT((#2453));
#2453=SURFACE_STYLE_USAGE(.BOTH.,#2454);
#2454=SURFACE_SIDE_STYLE('',(#2455));
#2455=SURFACE_STYLE_FILL_AREA(#2456);
#2456=FILL_AREA_STYLE('Steel - Satin',(#2457));
#2457=FILL_AREA_STYLE_COLOUR('Steel - Satin',#2458);
#2458=COLOUR_RGB('Steel - Satin',0.627450980392157,0.627450980392157,0.627450980392157);
ENDSEC;
END-ISO-10303-21;
